Workbook

Sheet Europe
B1: OECD | E1: PMI US | G1: CFNAI Index | I1: Bloomberg Euro-Zone Financial Conditions Index | L1: BNP Positioning | O1: Citi Surprise Eco | U1: Seuil (incrément) | W1: 0.3 | Y1: Centile | Z1: 0.4 | AA1: =PERCENTILE(AD:AD,0.5) -> 0.18950033 | AB1: Seuil (MD) | AC1: 0.1 | AG1: =TODAY() -> 46296 | AH1: =TEXT(AH3,"mmm-aaaa") -> avr-2026 | AI1: =TEXT(AI3,"mmm-aaaa") -> mai-2026 | AJ1: =TEXT(AJ3,"mmm-aaaa") -> juin-2026 | AK1: =TEXT(AK3,"mmm-aaaa") -> juil-2026 | AL1: =TEXT(AL3,"mmm-aaaa") -> août-2026 | AM1: =TEXT(AM3,"mmm-aaaa") -> sept-2026 | AN1: =TEXT(AN3,"mmm-aaaa") -> oct-2026 | BP1: Smoothing parameter | BQ1: 0.8 | BR1: Volatilité
B2: OE4EKLAC Index | E2: NAPMPMI Index | G2: CFNAI Index | I2: BFCIEU Index | L2: BNPEPEU Index | O2: CESIEUR Index | AG2: Cycle macro | AH2: =VLOOKUP(AH$3,$A:$AB,28,1) -> SD | AI2: =VLOOKUP(AI$3,$A:$AB,28,1) -> SD | AJ2: =VLOOKUP(AJ$3,$A:$AB,28,1) -> C | AK2: =VLOOKUP(AK$3,$A:$AB,28,1) -> C | AL2: =VLOOKUP(AL$3,$A:$AB,28,1) -> R | AM2: =VLOOKUP(AM$3,$A:$AB,28,1) -> R | AN2: =VLOOKUP(AN$3,$A:$AB,28,1) -> E | BP2: OECD | BQ2: 0.95 | BR2: =AVEDEV(D23:D305) -> 1.6289664
A3: Date | B3: OECD Europe CLI | C3: OECD Europe CLI EWMA -100 | D3: OECD norm | E3: PMI US | F3: PMI US EWMA -50 | G3: CFNAI Index (R2) | H3: CFNAI Index Cap EWMA | I3: BFCIEU Index | J3: BFCIEU Index EWMA | K3: Bloomberg Euro-Zone | L3: BNPEPEU Index | N3: BNP Positioning | O3: CESIEUR Index | Q3: Citi Surprise Eco | U3: Signal multi quantitatif | AH3: =EDATE($AG$1,-6) -> 46113 | AI3: =EDATE($AG$1,-5) -> 46143 | AJ3: =EDATE($AG$1,-4) -> 46174 | AK3: =EDATE($AG$1,-3) -> 46204 | AL3: =EDATE($AG$1,-2) -> 46235 | AM3: =EDATE($AG$1,-1) -> 46266 | AN3: =EDATE($AG$1,0) -> 46296 | BG3: SXXP Index | BL3: Strat | BM3: Bench | BP3: BFCIEU Index | BQ3: 0.95 | BR3: =AVEDEV(K23:K305) -> 1.6287358
A4: 36981 | B4: =_xll.BDH(B$2,"PX_LAST",$A4,$A4,"Days=A","Fill=P") -> 100.7163 | C4: =B4 -> 100.7163 | E4: 43.1 | F4: =E4-50 -> -6.9 | G4: -0.68 | H4: =G4 -> -0.68 | I4: {=_xll.BDH(I$2,"PX_LAST",$A4,$A4,"Days=A","Fill=P")} -> -0.566 | J4: =I4 -> -0.566 | T4: ANCIEN cycle | U4: Moyenne | V4: Cycle | Z4: Cycle avec Seuil | AB4: New Cycle | AC4: Signal Quanti/Quali | AK4: E | AL4: SD | AM4: C | AN4: R | AT4: Check avec et sans seuil | BG4: {=_xll.BDH($BG$3,"PX_LAST",$A4,$A4,"Days=A","Fill=P")} -> 321.7 | BP4: BNP Positioning | BQ4: 0.95 | BR4: =AVEDEV(N202:N305) -> 1.4349164
A5: 37011 | B5: =_xll.BDH(B$2,"PX_LAST",$A5,$A5,"Days=A","Fill=P") -> 100.4533 | C5: =$BQ$2*C4 + (1-$BQ$2)*B5 -> 100.70315 | E5: 42.7 | F5: =$BQ$1*F4+(1-$BQ$1)*(E5-50) -> -6.98 | G5: -0.85 | H5: =$BQ$1*H4+(1-$BQ$1) * MAX(AVERAGE($G$4:$G$256)-3*STDEVA($G$4:$G$256),MIN(G5,AVERAGE($G$4:$G$256)+3*STDEVA($G$4:$G$256))) -> -0.714 | I5: {=_xll.BDH(I$2,"PX_LAST",$A5,$A5,"Days=A","Fill=P")} -> -0.617 | J5: =$BQ$3*J4+(1-$BQ$3)*I5 -> -0.56855 | AC5: Quanti | AK5: Expansion | AL5: Slowdown | AM5: Contraction | AN5: Recovery | AO5: E | AP5: SD | AQ5: C | AR5: R | BG5: {=_xll.BDH($BG$3,"PX_LAST",$A5,$A5,"Days=A","Fill=P")} -> 342.02 | BH5: =BG5/BG4-1 -> 0.063164439 | BP5: Citi Surprise Eco | BQ5: 0.9 | BR5: =AVEDEV(Q46:Q305) -> 1.4821033
A6: 37042 | B6: =_xll.BDH(B$2,"PX_LAST",$A6,$A6,"Days=A","Fill=P") -> 100.1963 | C6: =$BQ$2*C5 + (1-$BQ$2)*B6 -> 100.67781 | E6: 41.3 | F6: =$BQ$1*F5+(1-$BQ$1)*(E6-50) -> -7.324 | G6: -0.46 | H6: =$BQ$1*H5+(1-$BQ$1) * MAX(AVERAGE($G$4:$G$256)-3*STDEVA($G$4:$G$256),MIN(G6,AVERAGE($G$4:$G$256)+3*STDEVA($G$4:$G$256))) -> -0.6632 | I6: {=_xll.BDH(I$2,"PX_LAST",$A6,$A6,"Days=A","Fill=P")} -> 0.127 | J6: =$BQ$3*J5+(1-$BQ$3)*I6 -> -0.5337725 | AC6: Quanti | AI6: 0 | AK6: =IF(OR($AB6=AK$4,$AB7=AK$4),$U6,NA()) -> #N/A | AL6: =IF(OR($AB6=AL$4,$AB7=AL$4),$U6,NA()) -> #N/A | AM6: =IF(OR($AB6=AM$4,$AB7=AM$4),$U6,NA()) -> #N/A | AN6: =IF(OR($AB6=AN$4,$AB7=AN$4),$U6,NA()) -> #N/A | AO6: =IF(OR($AB6=AO$5,$AB7=AO$5),$BG6,NA()) -> #N/A | AP6: =IF(OR($AB6=AP$5,$AB7=AP$5),$BG6,NA()) -> #N/A | AQ6: =IF(OR($AB6=AQ$5,$AB7=AQ$5),$BG6,NA()) -> #N/A | AR6: =IF(OR($AB6=AN$5,$AB7=AN$5),$BG6,NA()) -> #N/A | AU6: sans seuil | AV6: avec seuil | BG6: {=_xll.BDH($BG$3,"PX_LAST",$A6,$A6,"Days=A","Fill=P")} -> 341.97 | BH6: =BG6/BG5-1 -> -0.00014619028
A7: 37072 | B7: =_xll.BDH(B$2,"PX_LAST",$A7,$A7,"Days=A","Fill=P") -> 99.9304 | C7: =$BQ$2*C6 + (1-$BQ$2)*B7 -> 100.64044 | E7: 43.2 | F7: =$BQ$1*F6+(1-$BQ$1)*(E7-50) -> -7.2192 | G7: -0.9 | H7: =$BQ$1*H6+(1-$BQ$1) * MAX(AVERAGE($G$4:$G$256)-3*STDEVA($G$4:$G$256),MIN(G7,AVERAGE($G$4:$G$256)+3*STDEVA($G$4:$G$256))) -> -0.71056 | I7: {=_xll.BDH(I$2,"PX_LAST",$A7,$A7,"Days=A","Fill=P")} -> 0.021 | J7: =$BQ$3*J6+(1-$BQ$3)*I7 -> -0.50603387 | AC7: Quanti | AI7: 0 | AK7: =IF(OR($AB7=AK$4,$AB8=AK$4),$U7,NA()) -> #N/A | AL7: =IF(OR($AB7=AL$4,$AB8=AL$4),$U7,NA()) -> #N/A | AM7: =IF(OR($AB7=AM$4,$AB8=AM$4),$U7,NA()) -> #N/A | AN7: =IF(OR($AB7=AN$4,$AB8=AN$4),$U7,NA()) -> #N/A | AO7: =IF(OR($AB7=AO$5,$AB8=AO$5),$BG7,NA()) -> #N/A | AP7: =IF(OR($AB7=AP$5,$AB8=AP$5),$BG7,NA()) -> #N/A | AQ7: =IF(OR($AB7=AQ$5,$AB8=AQ$5),$BG7,NA()) -> #N/A | AR7: =IF(OR($AB7=AN$5,$AB8=AN$5),$BG7,NA()) -> #N/A | AT7: =A7 -> 37072 | AU7: =IF($V7="E",4,IF($V7="R",2,IF($V7="SD",3,1))) -> 1 | AV7: =IF($Z7="E",4,IF($Z7="R",2,IF($Z7="SD",3,1))) -> 1 | BG7: {=_xll.BDH($BG$3,"PX_LAST",$A7,$A7,"Days=A","Fill=P")} -> 329.35 | BH7: =BG7/BG6-1 -> -0.036903822
A8: 37103 | B8: =_xll.BDH(B$2,"PX_LAST",$A8,$A8,"Days=A","Fill=P") -> 99.6546 | C8: =$BQ$2*C7 + (1-$BQ$2)*B8 -> 100.59115 | E8: 43.5 | F8: =$BQ$1*F7+(1-$BQ$1)*(E8-50) -> -7.07536 | G8: -0.5 | H8: =$BQ$1*H7+(1-$BQ$1) * MAX(AVERAGE($G$4:$G$256)-3*STDEVA($G$4:$G$256),MIN(G8,AVERAGE($G$4:$G$256)+3*STDEVA($G$4:$G$256))) -> -0.668448 | I8: {=_xll.BDH(I$2,"PX_LAST",$A8,$A8,"Days=A","Fill=P")} -> -0.529 | J8: =$BQ$3*J7+(1-$BQ$3)*I8 -> -0.50718218 | AC8: Quanti | AI8: 0 | AK8: =IF(OR($AB8=AK$4,$AB9=AK$4),$U8,NA()) -> #N/A | AL8: =IF(OR($AB8=AL$4,$AB9=AL$4),$U8,NA()) -> #N/A | AM8: =IF(OR($AB8=AM$4,$AB9=AM$4),$U8,NA()) -> #N/A | AN8: =IF(OR($AB8=AN$4,$AB9=AN$4),$U8,NA()) -> #N/A | AO8: =IF(OR($AB8=AO$5,$AB9=AO$5),$BG8,NA()) -> #N/A | AP8: =IF(OR($AB8=AP$5,$AB9=AP$5),$BG8,NA()) -> #N/A | AQ8: =IF(OR($AB8=AQ$5,$AB9=AQ$5),$BG8,NA()) -> #N/A | AR8: =IF(OR($AB8=AN$5,$AB9=AN$5),$BG8,NA()) -> #N/A | AT8: =A8 -> 37103 | AU8: =IF($V8="E",4,IF($V8="R",2,IF($V8="SD",3,1))) -> 1 | AV8: =IF($Z8="E",4,IF($Z8="R",2,IF($Z8="SD",3,1))) -> 1 | BG8: {=_xll.BDH($BG$3,"PX_LAST",$A8,$A8,"Days=A","Fill=P")} -> 316.95 | BH8: =BG8/BG7-1 -> -0.037649917
A9: 37134 | B9: =_xll.BDH(B$2,"PX_LAST",$A9,$A9,"Days=A","Fill=P") -> 99.3836 | C9: =$BQ$2*C8 + (1-$BQ$2)*B9 -> 100.53077 | E9: 46.3 | F9: =$BQ$1*F8+(1-$BQ$1)*(E9-50) -> -6.400288 | G9: -0.44 | H9: =$BQ$1*H8+(1-$BQ$1) * MAX(AVERAGE($G$4:$G$256)-3*STDEVA($G$4:$G$256),MIN(G9,AVERAGE($G$4:$G$256)+3*STDEVA($G$4:$G$256))) -> -0.6227584 | I9: {=_xll.BDH(I$2,"PX_LAST",$A9,$A9,"Days=A","Fill=P")} -> -0.957 | J9: =$BQ$3*J8+(1-$BQ$3)*I9 -> -0.52967307 | AC9: Quanti | AI9: 0 | AK9: =IF(OR($AB9=AK$4,$AB10=AK$4),$U9,NA()) -> #N/A | AL9: =IF(OR($AB9=AL$4,$AB10=AL$4),$U9,NA()) -> #N/A | AM9: =IF(OR($AB9=AM$4,$AB10=AM$4),$U9,NA()) -> #N/A | AN9: =IF(OR($AB9=AN$4,$AB10=AN$4),$U9,NA()) -> #N/A | AO9: =IF(OR($AB9=AO$5,$AB10=AO$5),$BG9,NA()) -> #N/A | AP9: =IF(OR($AB9=AP$5,$AB10=AP$5),$BG9,NA()) -> #N/A | AQ9: =IF(OR($AB9=AQ$5,$AB10=AQ$5),$BG9,NA()) -> #N/A | AR9: =IF(OR($AB9=AN$5,$AB10=AN$5),$BG9,NA()) -> #N/A | AT9: =A9 -> 37134 | AU9: =IF($V9="E",4,IF($V9="R",2,IF($V9="SD",3,1))) -> 1 | AV9: =IF($Z9="E",4,IF($Z9="R",2,IF($Z9="SD",3,1))) -> 1 | BG9: {=_xll.BDH($BG$3,"PX_LAST",$A9,$A9,"Days=A","Fill=P")} -> 297.66 | BH9: =BG9/BG8-1 -> -0.060861335
A10: 37164 | B10: =_xll.BDH(B$2,"PX_LAST",$A10,$A10,"Days=A","Fill=P") -> 99.1465 | C10: =$BQ$2*C9 + (1-$BQ$2)*B10 -> 100.46155 | E10: 46.2 | F10: =$BQ$1*F9+(1-$BQ$1)*(E10-50) -> -5.8802304 | G10: -1.04 | H10: =$BQ$1*H9+(1-$BQ$1) * MAX(AVERAGE($G$4:$G$256)-3*STDEVA($G$4:$G$256),MIN(G10,AVERAGE($G$4:$G$256)+3*STDEVA($G$4:$G$256))) -> -0.70620672 | I10: {=_xll.BDH(I$2,"PX_LAST",$A10,$A10,"Days=A","Fill=P")} -> -1.602 | J10: =$BQ$3*J9+(1-$BQ$3)*I10 -> -0.58328942 | AC10: Quanti | AI10: 0 | AK10: =IF(OR($AB10=AK$4,$AB11=AK$4),$U10,NA()) -> #N/A | AL10: =IF(OR($AB10=AL$4,$AB11=AL$4),$U10,NA()) -> #N/A | AM10: =IF(OR($AB10=AM$4,$AB11=AM$4),$U10,NA()) -> #N/A | AN10: =IF(OR($AB10=AN$4,$AB11=AN$4),$U10,NA()) -> #N/A | AO10: =IF(OR($AB10=AO$5,$AB11=AO$5),$BG10,NA()) -> #N/A | AP10: =IF(OR($AB10=AP$5,$AB11=AP$5),$BG10,NA()) -> #N/A | AQ10: =IF(OR($AB10=AQ$5,$AB11=AQ$5),$BG10,NA()) -> #N/A | AR10: =IF(OR($AB10=AN$5,$AB11=AN$5),$BG10,NA()) -> #N/A | AT10: =A10 -> 37164 | AU10: =IF($V10="E",4,IF($V10="R",2,IF($V10="SD",3,1))) -> 1 | AV10: =IF($Z10="E",4,IF($Z10="R",2,IF($Z10="SD",3,1))) -> 1 | BG10: {=_xll.BDH($BG$3,"PX_LAST",$A10,$A10,"Days=A","Fill=P")} -> 266.29 | BH10: =BG10/BG9-1 -> -0.1053887
A11: 37195 | B11: =_xll.BDH(B$2,"PX_LAST",$A11,$A11,"Days=A","Fill=P") -> 98.9939 | C11: =$BQ$2*C10 + (1-$BQ$2)*B11 -> 100.38817 | E11: 40.8 | F11: =$BQ$1*F10+(1-$BQ$1)*(E11-50) -> -6.5441843 | G11: -0.22 | H11: =$BQ$1*H10+(1-$BQ$1) * MAX(AVERAGE($G$4:$G$256)-3*STDEVA($G$4:$G$256),MIN(G11,AVERAGE($G$4:$G$256)+3*STDEVA($G$4:$G$256))) -> -0.60896538 | I11: {=_xll.BDH(I$2,"PX_LAST",$A11,$A11,"Days=A","Fill=P")} -> -1.575 | J11: =$BQ$3*J10+(1-$BQ$3)*I11 -> -0.63287495 | AC11: Quanti | AI11: 0 | AK11: =IF(OR($AB11=AK$4,$AB12=AK$4),$U11,NA()) -> #N/A | AL11: =IF(OR($AB11=AL$4,$AB12=AL$4),$U11,NA()) -> #N/A | AM11: =IF(OR($AB11=AM$4,$AB12=AM$4),$U11,NA()) -> #N/A | AN11: =IF(OR($AB11=AN$4,$AB12=AN$4),$U11,NA()) -> #N/A | AO11: =IF(OR($AB11=AO$5,$AB12=AO$5),$BG11,NA()) -> #N/A | AP11: =IF(OR($AB11=AP$5,$AB12=AP$5),$BG11,NA()) -> #N/A | AQ11: =IF(OR($AB11=AQ$5,$AB12=AQ$5),$BG11,NA()) -> #N/A | AR11: =IF(OR($AB11=AN$5,$AB12=AN$5),$BG11,NA()) -> #N/A | AT11: =A11 -> 37195 | AU11: =IF($V11="E",4,IF($V11="R",2,IF($V11="SD",3,1))) -> 1 | AV11: =IF($Z11="E",4,IF($Z11="R",2,IF($Z11="SD",3,1))) -> 1 | BG11: {=_xll.BDH($BG$3,"PX_LAST",$A11,$A11,"Days=A","Fill=P")} -> 277.41 | BH11: =BG11/BG10-1 -> 0.041758985
A12: 37225 | B12: =_xll.BDH(B$2,"PX_LAST",$A12,$A12,"Days=A","Fill=P") -> 98.9606 | C12: =$BQ$2*C11 + (1-$BQ$2)*B12 -> 100.31679 | E12: 44.1 | F12: =$BQ$1*F11+(1-$BQ$1)*(E12-50) -> -6.4153475 | G12: -0.77 | H12: =$BQ$1*H11+(1-$BQ$1) * MAX(AVERAGE($G$4:$G$256)-3*STDEVA($G$4:$G$256),MIN(G12,AVERAGE($G$4:$G$256)+3*STDEVA($G$4:$G$256))) -> -0.6411723 | I12: {=_xll.BDH(I$2,"PX_LAST",$A12,$A12,"Days=A","Fill=P")} -> -1.133 | J12: =$BQ$3*J11+(1-$BQ$3)*I12 -> -0.6578812 | AC12: Quanti | AI12: 0 | AK12: =IF(OR($AB12=AK$4,$AB13=AK$4),$U12,NA()) -> #N/A | AL12: =IF(OR($AB12=AL$4,$AB13=AL$4),$U12,NA()) -> #N/A | AM12: =IF(OR($AB12=AM$4,$AB13=AM$4),$U12,NA()) -> #N/A | AN12: =IF(OR($AB12=AN$4,$AB13=AN$4),$U12,NA()) -> #N/A | AO12: =IF(OR($AB12=AO$5,$AB13=AO$5),$BG12,NA()) -> #N/A | AP12: =IF(OR($AB12=AP$5,$AB13=AP$5),$BG12,NA()) -> #N/A | AQ12: =IF(OR($AB12=AQ$5,$AB13=AQ$5),$BG12,NA()) -> #N/A | AR12: =IF(OR($AB12=AN$5,$AB13=AN$5),$BG12,NA()) -> #N/A | AT12: =A12 -> 37225 | AU12: =IF($V12="E",4,IF($V12="R",2,IF($V12="SD",3,1))) -> 1 | AV12: =IF($Z12="E",4,IF($Z12="R",2,IF($Z12="SD",3,1))) -> 1 | BG12: {=_xll.BDH($BG$3,"PX_LAST",$A12,$A12,"Days=A","Fill=P")} -> 288.95 | BH12: =BG12/BG11-1 -> 0.041599077
A13: 37256 | B13: =_xll.BDH(B$2,"PX_LAST",$A13,$A13,"Days=A","Fill=P") -> 99.043 | C13: =$BQ$2*C12 + (1-$BQ$2)*B13 -> 100.2531 | E13: 45.3 | F13: =$BQ$1*F12+(1-$BQ$1)*(E13-50) -> -6.072278 | G13: -0.3 | H13: =$BQ$1*H12+(1-$BQ$1) * MAX(AVERAGE($G$4:$G$256)-3*STDEVA($G$4:$G$256),MIN(G13,AVERAGE($G$4:$G$256)+3*STDEVA($G$4:$G$256))) -> -0.57293784 | I13: {=_xll.BDH(I$2,"PX_LAST",$A13,$A13,"Days=A","Fill=P")} -> -0.561 | J13: =$BQ$3*J12+(1-$BQ$3)*I13 -> -0.65303714 | AC13: Quanti | AI13: 0 | AK13: =IF(OR($AB13=AK$4,$AB14=AK$4),$U13,NA()) -> #N/A | AL13: =IF(OR($AB13=AL$4,$AB14=AL$4),$U13,NA()) -> #N/A | AM13: =IF(OR($AB13=AM$4,$AB14=AM$4),$U13,NA()) -> #N/A | AN13: =IF(OR($AB13=AN$4,$AB14=AN$4),$U13,NA()) -> #N/A | AO13: =IF(OR($AB13=AO$5,$AB14=AO$5),$BG13,NA()) -> #N/A | AP13: =IF(OR($AB13=AP$5,$AB14=AP$5),$BG13,NA()) -> #N/A | AQ13: =IF(OR($AB13=AQ$5,$AB14=AQ$5),$BG13,NA()) -> #N/A | AR13: =IF(OR($AB13=AN$5,$AB14=AN$5),$BG13,NA()) -> #N/A | AT13: =A13 -> 37256 | AU13: =IF($V13="E",4,IF($V13="R",2,IF($V13="SD",3,1))) -> 1 | AV13: =IF($Z13="E",4,IF($Z13="R",2,IF($Z13="SD",3,1))) -> 1 | BG13: {=_xll.BDH($BG$3,"PX_LAST",$A13,$A13,"Days=A","Fill=P")} -> 298.73 | BH13: =BG13/BG12-1 -> 0.033846686
A14: 37287 | B14: =_xll.BDH(B$2,"PX_LAST",$A14,$A14,"Days=A","Fill=P") -> 99.2033 | C14: =$BQ$2*C13 + (1-$BQ$2)*B14 -> 100.20061 | E14: 47.5 | F14: =$BQ$1*F13+(1-$BQ$1)*(E14-50) -> -5.3578224 | G14: -0.07 | H14: =$BQ$1*H13+(1-$BQ$1) * MAX(AVERAGE($G$4:$G$256)-3*STDEVA($G$4:$G$256),MIN(G14,AVERAGE($G$4:$G$256)+3*STDEVA($G$4:$G$256))) -> -0.47235027 | I14: {=_xll.BDH(I$2,"PX_LAST",$A14,$A14,"Days=A","Fill=P")} -> -0.805 | J14: =$BQ$3*J13+(1-$BQ$3)*I14 -> -0.66063528 | AC14: Quanti | AI14: 0 | AK14: =IF(OR($AB14=AK$4,$AB15=AK$4),$U14,NA()) -> #N/A | AL14: =IF(OR($AB14=AL$4,$AB15=AL$4),$U14,NA()) -> #N/A | AM14: =IF(OR($AB14=AM$4,$AB15=AM$4),$U14,NA()) -> #N/A | AN14: =IF(OR($AB14=AN$4,$AB15=AN$4),$U14,NA()) -> #N/A | AO14: =IF(OR($AB14=AO$5,$AB15=AO$5),$BG14,NA()) -> #N/A | AP14: =IF(OR($AB14=AP$5,$AB15=AP$5),$BG14,NA()) -> #N/A | AQ14: =IF(OR($AB14=AQ$5,$AB15=AQ$5),$BG14,NA()) -> #N/A | AR14: =IF(OR($AB14=AN$5,$AB15=AN$5),$BG14,NA()) -> #N/A | AT14: =A14 -> 37287 | AU14: =IF($V14="E",4,IF($V14="R",2,IF($V14="SD",3,1))) -> 1 | AV14: =IF($Z14="E",4,IF($Z14="R",2,IF($Z14="SD",3,1))) -> 1 | BG14: {=_xll.BDH($BG$3,"PX_LAST",$A14,$A14,"Days=A","Fill=P")} -> 292.45 | BH14: =BG14/BG13-1 -> -0.021022328
A15: 37315 | B15: =_xll.BDH(B$2,"PX_LAST",$A15,$A15,"Days=A","Fill=P") -> 99.3953 | C15: =$BQ$2*C14 + (1-$BQ$2)*B15 -> 100.16035 | E15: 50.7 | F15: =$BQ$1*F14+(1-$BQ$1)*(E15-50) -> -4.1462579 | G15: -0.11 | H15: =$BQ$1*H14+(1-$BQ$1) * MAX(AVERAGE($G$4:$G$256)-3*STDEVA($G$4:$G$256),MIN(G15,AVERAGE($G$4:$G$256)+3*STDEVA($G$4:$G$256))) -> -0.39988022 | I15: {=_xll.BDH(I$2,"PX_LAST",$A15,$A15,"Days=A","Fill=P")} -> -0.84 | J15: =$BQ$3*J14+(1-$BQ$3)*I15 -> -0.66960352 | AC15: Quanti | AI15: 0 | AK15: =IF(OR($AB15=AK$4,$AB16=AK$4),$U15,NA()) -> #N/A | AL15: =IF(OR($AB15=AL$4,$AB16=AL$4),$U15,NA()) -> #N/A | AM15: =IF(OR($AB15=AM$4,$AB16=AM$4),$U15,NA()) -> #N/A | AN15: =IF(OR($AB15=AN$4,$AB16=AN$4),$U15,NA()) -> #N/A | AO15: =IF(OR($AB15=AO$5,$AB16=AO$5),$BG15,NA()) -> #N/A | AP15: =IF(OR($AB15=AP$5,$AB16=AP$5),$BG15,NA()) -> #N/A | AQ15: =IF(OR($AB15=AQ$5,$AB16=AQ$5),$BG15,NA()) -> #N/A | AR15: =IF(OR($AB15=AN$5,$AB16=AN$5),$BG15,NA()) -> #N/A | AT15: =A15 -> 37315 | AU15: =IF($V15="E",4,IF($V15="R",2,IF($V15="SD",3,1))) -> 1 | AV15: =IF($Z15="E",4,IF($Z15="R",2,IF($Z15="SD",3,1))) -> 1 | BG15: {=_xll.BDH($BG$3,"PX_LAST",$A15,$A15,"Days=A","Fill=P")} -> 289.84 | BH15: =BG15/BG14-1 -> -0.0089246025
A16: 37344 | B16: =_xll.BDH(B$2,"PX_LAST",$A16,$A16,"Days=A","Fill=P") -> 99.3953 | C16: =$BQ$2*C15 + (1-$BQ$2)*B16 -> 100.1221 | E16: 52.4 | F16: =$BQ$1*F15+(1-$BQ$1)*(E16-50) -> -2.8370063 | G16: -0.01 | H16: =$BQ$1*H15+(1-$BQ$1) * MAX(AVERAGE($G$4:$G$256)-3*STDEVA($G$4:$G$256),MIN(G16,AVERAGE($G$4:$G$256)+3*STDEVA($G$4:$G$256))) -> -0.32190417 | I16: {=_xll.BDH(I$2,"PX_LAST",$A16,$A16,"Days=A","Fill=P")} -> -0.742 | J16: =$BQ$3*J15+(1-$BQ$3)*I16 -> -0.67322334 | AC16: Quanti | AI16: 0 | AK16: =IF(OR($AB16=AK$4,$AB17=AK$4),$U16,NA()) -> #N/A | AL16: =IF(OR($AB16=AL$4,$AB17=AL$4),$U16,NA()) -> #N/A | AM16: =IF(OR($AB16=AM$4,$AB17=AM$4),$U16,NA()) -> #N/A | AN16: =IF(OR($AB16=AN$4,$AB17=AN$4),$U16,NA()) -> #N/A | AO16: =IF(OR($AB16=AO$5,$AB17=AO$5),$BG16,NA()) -> #N/A | AP16: =IF(OR($AB16=AP$5,$AB17=AP$5),$BG16,NA()) -> #N/A | AQ16: =IF(OR($AB16=AQ$5,$AB17=AQ$5),$BG16,NA()) -> #N/A | AR16: =IF(OR($AB16=AN$5,$AB17=AN$5),$BG16,NA()) -> #N/A | AT16: =A16 -> 37344 | AU16: =IF($V16="E",4,IF($V16="R",2,IF($V16="SD",3,1))) -> 1 | AV16: =IF($Z16="E",4,IF($Z16="R",2,IF($Z16="SD",3,1))) -> 1 | BG16: {=_xll.BDH($BG$3,"PX_LAST",$A16,$A16,"Days=A","Fill=P")} -> 303.04 | BH16: =BG16/BG15-1 -> 0.045542368
A17: 37376 | B17: =_xll.BDH(B$2,"PX_LAST",$A17,$A17,"Days=A","Fill=P") -> 99.6812 | C17: =$BQ$2*C16 + (1-$BQ$2)*B17 -> 100.10005 | E17: 52.4 | F17: =$BQ$1*F16+(1-$BQ$1)*(E17-50) -> -1.7896051 | G17: 0.17 | H17: =$BQ$1*H16+(1-$BQ$1) * MAX(AVERAGE($G$4:$G$256)-3*STDEVA($G$4:$G$256),MIN(G17,AVERAGE($G$4:$G$256)+3*STDEVA($G$4:$G$256))) -> -0.22352334 | I17: {=_xll.BDH(I$2,"PX_LAST",$A17,$A17,"Days=A","Fill=P")} -> -0.63 | J17: =$BQ$3*J16+(1-$BQ$3)*I17 -> -0.67106218 | AC17: Quanti | AI17: 0 | AK17: =IF(OR($AB17=AK$4,$AB18=AK$4),$U17,NA()) -> #N/A | AL17: =IF(OR($AB17=AL$4,$AB18=AL$4),$U17,NA()) -> #N/A | AM17: =IF(OR($AB17=AM$4,$AB18=AM$4),$U17,NA()) -> #N/A | AN17: =IF(OR($AB17=AN$4,$AB18=AN$4),$U17,NA()) -> #N/A | AO17: =IF(OR($AB17=AO$5,$AB18=AO$5),$BG17,NA()) -> #N/A | AP17: =IF(OR($AB17=AP$5,$AB18=AP$5),$BG17,NA()) -> #N/A | AQ17: =IF(OR($AB17=AQ$5,$AB18=AQ$5),$BG17,NA()) -> #N/A | AR17: =IF(OR($AB17=AN$5,$AB18=AN$5),$BG17,NA()) -> #N/A | AT17: =A17 -> 37376 | AU17: =IF($V17="E",4,IF($V17="R",2,IF($V17="SD",3,1))) -> 1 | AV17: =IF($Z17="E",4,IF($Z17="R",2,IF($Z17="SD",3,1))) -> 1 | BG17: {=_xll.BDH($BG$3,"PX_LAST",$A17,$A17,"Days=A","Fill=P")} -> 290.64 | BH17: =BG17/BG16-1 -> -0.040918691
A18: 37407 | B18: =_xll.BDH(B$2,"PX_LAST",$A18,$A18,"Days=A","Fill=P") -> 99.7132 | C18: =$BQ$2*C17 + (1-$BQ$2)*B18 -> 100.08071 | E18: 53.1 | F18: =$BQ$1*F17+(1-$BQ$1)*(E18-50) -> -0.81168404 | G18: 0.03 | H18: =$BQ$1*H17+(1-$BQ$1) * MAX(AVERAGE($G$4:$G$256)-3*STDEVA($G$4:$G$256),MIN(G18,AVERAGE($G$4:$G$256)+3*STDEVA($G$4:$G$256))) -> -0.17281867 | I18: {=_xll.BDH(I$2,"PX_LAST",$A18,$A18,"Days=A","Fill=P")} -> -0.707 | J18: =$BQ$3*J17+(1-$BQ$3)*I18 -> -0.67285907 | AC18: Quanti | AI18: 0 | AK18: =IF(OR($AB18=AK$4,$AB19=AK$4),$U18,NA()) -> #N/A | AL18: =IF(OR($AB18=AL$4,$AB19=AL$4),$U18,NA()) -> #N/A | AM18: =IF(OR($AB18=AM$4,$AB19=AM$4),$U18,NA()) -> #N/A | AN18: =IF(OR($AB18=AN$4,$AB19=AN$4),$U18,NA()) -> #N/A | AO18: =IF(OR($AB18=AO$5,$AB19=AO$5),$BG18,NA()) -> #N/A | AP18: =IF(OR($AB18=AP$5,$AB19=AP$5),$BG18,NA()) -> #N/A | AQ18: =IF(OR($AB18=AQ$5,$AB19=AQ$5),$BG18,NA()) -> #N/A | AR18: =IF(OR($AB18=AN$5,$AB19=AN$5),$BG18,NA()) -> #N/A | AT18: =A18 -> 37407 | AU18: =IF($V18="E",4,IF($V18="R",2,IF($V18="SD",3,1))) -> 1 | AV18: =IF($Z18="E",4,IF($Z18="R",2,IF($Z18="SD",3,1))) -> 1 | BG18: {=_xll.BDH($BG$3,"PX_LAST",$A18,$A18,"Days=A","Fill=P")} -> 279.03 | BH18: =BG18/BG17-1 -> -0.039946325
... A21: 37498 | B21: =_xll.BDH(B$2,"PX_LAST",$A21,$A21,"Days=A","Fill=P") -> 99.5678 | C21: =$BQ$2*C20 + (1-$BQ$2)*B21 -> 100.01412 | E21: 50.3 | F21: =$BQ$1*F20+(1-$BQ$1)*(E21-50) -> 0.13721777 | G21: -0.06 | H21: =$BQ$1*H20+(1-$BQ$1) * MAX(AVERAGE($G$4:$G$256)-3*STDEVA($G$4:$G$256),MIN(G21,AVERAGE($G$4:$G$256)+3*STDEVA($G$4:$G$256))) -> -0.10816316 | I21: {=_xll.BDH(I$2,"PX_LAST",$A21,$A21,"Days=A","Fill=P")} -> -1.834 | J21: =$BQ$3*J20+(1-$BQ$3)*I21 -> -0.81524879 | AC21: Quanti | AI21: 0 | AK21: =IF(OR($AB21=AK$4,$AB22=AK$4),$U21,NA()) -> #N/A | AL21: =IF(OR($AB21=AL$4,$AB22=AL$4),$U21,NA()) -> #N/A | AM21: =IF(OR($AB21=AM$4,$AB22=AM$4),$U21,NA()) -> #N/A | AN21: =IF(OR($AB21=AN$4,$AB22=AN$4),$U21,NA()) -> #N/A | AO21: =IF(OR($AB21=AO$5,$AB22=AO$5),$BG21,NA()) -> #N/A | AP21: =IF(OR($AB21=AP$5,$AB22=AP$5),$BG21,NA()) -> #N/A | AQ21: =IF(OR($AB21=AQ$5,$AB22=AQ$5),$BG21,NA()) -> #N/A | AR21: =IF(OR($AB21=AN$5,$AB22=AN$5),$BG21,NA()) -> #N/A | AT21: =A21 -> 37498 | AU21: =IF($V21="E",4,IF($V21="R",2,IF($V21="SD",3,1))) -> 1 | AV21: =IF($Z21="E",4,IF($Z21="R",2,IF($Z21="SD",3,1))) -> 1 | BG21: {=_xll.BDH($BG$3,"PX_LAST",$A21,$A21,"Days=A","Fill=P")} -> 226.82 | BH21: =BG21/BG20-1 -> -0.0035584062
A22: 37529 | B22: =_xll.BDH(B$2,"PX_LAST",$A22,$A22,"Days=A","Fill=P") -> 99.2716 | C22: =$BQ$2*C21 + (1-$BQ$2)*B22 -> 99.97699 | E22: 50.5 | F22: =$BQ$1*F21+(1-$BQ$1)*(E22-50) -> 0.20977422 | G22: -0.32 | H22: =$BQ$1*H21+(1-$BQ$1) * MAX(AVERAGE($G$4:$G$256)-3*STDEVA($G$4:$G$256),MIN(G22,AVERAGE($G$4:$G$256)+3*STDEVA($G$4:$G$256))) -> -0.15053053 | I22: {=_xll.BDH(I$2,"PX_LAST",$A22,$A22,"Days=A","Fill=P")} -> -2.551 | J22: =$BQ$3*J21+(1-$BQ$3)*I22 -> -0.90203635 | Z22: C | AC22: Quanti | AI22: 0 | AK22: =IF(OR($AB22=AK$4,$AB23=AK$4),$U22,NA()) -> #N/A | AL22: =IF(OR($AB22=AL$4,$AB23=AL$4),$U22,NA()) -> #N/A | AM22: =IF(OR($AB22=AM$4,$AB23=AM$4),$U22,NA()) -> 0 | AN22: =IF(OR($AB22=AN$4,$AB23=AN$4),$U22,NA()) -> #N/A | AO22: =IF(OR($AB22=AO$5,$AB23=AO$5),$BG22,NA()) -> #N/A | AP22: =IF(OR($AB22=AP$5,$AB23=AP$5),$BG22,NA()) -> #N/A | AQ22: =IF(OR($AB22=AQ$5,$AB23=AQ$5),$BG22,NA()) -> 194.76 | AR22: =IF(OR($AB22=AN$5,$AB23=AN$5),$BG22,NA()) -> #N/A | AT22: =A22 -> 37529 | AU22: =IF($V22="E",4,IF($V22="R",2,IF($V22="SD",3,1))) -> 1 | AV22: =IF($Z22="E",4,IF($Z22="R",2,IF($Z22="SD",3,1))) -> 1 | BG22: {=_xll.BDH($BG$3,"PX_LAST",$A22,$A22,"Days=A","Fill=P")} -> 194.76 | BH22: =BG22/BG21-1 -> -0.14134556
A23: 37560 | B23: =_xll.BDH(B$2,"PX_LAST",$A23,$A23,"Days=A","Fill=P") -> 99.1027 | C23: =$BQ$2*C22 + (1-$BQ$2)*B23 -> 99.933275 | D23: =(C23-AVERAGE(C4:C23))/AVEDEV(C4:C23) -> -1.5596842 | E23: 49 | F23: =$BQ$1*F22+(1-$BQ$1)*(E23-50) -> -0.032180627 | G23: -0.39 | H23: =$BQ$1*H22+(1-$BQ$1) * MAX(AVERAGE($G$4:$G$256)-3*STDEVA($G$4:$G$256),MIN(G23,AVERAGE($G$4:$G$256)+3*STDEVA($G$4:$G$256))) -> -0.19842442 | I23: {=_xll.BDH(I$2,"PX_LAST",$A23,$A23,"Days=A","Fill=P")} -> -1.896 | J23: =$BQ$3*J22+(1-$BQ$3)*I23 -> -0.95173454 | K23: =(J23-MEDIAN(J4:J23))/AVEDEV(J4:J23) -> -3.3725437 | T23: C | U23: =AVERAGE(D22,K23,N23,Q23) -> -3.3725437 | V23: =IF(U23-U22>0,IF(U23>=0,"E","R"),IF(U23>=0,"SD","C")) -> C | X23: =IF(OR(ABS($U23-$U22)>$W$1),1,0) -> 1 | Y23: =$U23-$U22 -> -3.3725437 | Z23: =IF(ABS($U23-$U22)>AE23,IF(Z22="SD",IF(U23*U22>0,Z22,V23),V23),Z22) -> C | AA23: =IF(Z23<>V22,U23,AA22) -> -3.3725437 | AB23: C | AC23: Quanti | AI23: 0 | AK23: =IF(OR($AB23=AK$4,$AB24=AK$4),$U23,NA()) -> #N/A | AL23: =IF(OR($AB23=AL$4,$AB24=AL$4),$U23,NA()) -> #N/A | AM23: =IF(OR($AB23=AM$4,$AB24=AM$4),$U23,NA()) -> -3.3725437 | AN23: =IF(OR($AB23=AN$4,$AB24=AN$4),$U23,NA()) -> -3.3725437 | AO23: =IF(OR($AB23=AO$5,$AB24=AO$5),$BG23,NA()) -> #N/A | AP23: =IF(OR($AB23=AP$5,$AB24=AP$5),$BG23,NA()) -> #N/A | AQ23: =IF(OR($AB23=AQ$5,$AB24=AQ$5),$BG23,NA()) -> 213.01 | AR23: =IF(OR($AB23=AN$5,$AB24=AN$5),$BG23,NA()) -> #N/A | AT23: =A23 -> 37560 | AU23: =IF($V23="E",4,IF($V23="R",2,IF($V23="SD",3,1))) -> 1 | AV23: =IF($Z23="E",4,IF($Z23="R",2,IF($Z23="SD",3,1))) -> 1 | BG23: {=_xll.BDH($BG$3,"PX_LAST",$A23,$A23,"Days=A","Fill=P")} -> 213.01 | BH23: =BG23/BG22-1 -> 0.093705073 | BP23: E | BQ23: 1
A24: 37589 | B24: =_xll.BDH(B$2,"PX_LAST",$A24,$A24,"Days=A","Fill=P") -> 99.1027 | C24: =$BQ$2*C23 + (1-$BQ$2)*B24 -> 99.891747 | D24: =(C24-AVERAGE(C5:C24))/AVEDEV(C5:C24) -> -1.622025 | E24: 48.5 | F24: =$BQ$1*F23+(1-$BQ$1)*(E24-50) -> -0.3257445 | G24: 0.14 | H24: =$BQ$1*H23+(1-$BQ$1) * MAX(AVERAGE($G$4:$G$256)-3*STDEVA($G$4:$G$256),MIN(G24,AVERAGE($G$4:$G$256)+3*STDEVA($G$4:$G$256))) -> -0.13073954 | I24: {=_xll.BDH(I$2,"PX_LAST",$A24,$A24,"Days=A","Fill=P")} -> -0.817 | J24: =$BQ$3*J23+(1-$BQ$3)*I24 -> -0.94499781 | K24: =(J24-MEDIAN(J5:J24))/AVEDEV(J5:J24) -> -2.8175166 | T24: R | U24: =AVERAGE(D23,K24,N24,Q24) -> -2.1886004 | V24: =IF(U24-U23>0,IF(U24>=0,"E","R"),IF(U24>=0,"SD","C")) -> R | W24: =U24-U23 -> 1.1839434 | X24: =IF(OR(ABS($U24-$U23)>$W$1),1,0) -> 1 | Y24: =$U24-$U23 -> 1.1839434 | Z24: =IF(ABS($U24-$U23)>AE24,V24,Z23) -> R | AA24: =IF(Z24<>V23,U24,AA23) -> -2.1886004 | AB24: =Z24 -> R | AC24: Quanti | AD24: =ABS(W24) -> 1.1839434 | AE24: 0.15 | AI24: 0 | AK24: =IF(OR($AB24=AK$4,$AB25=AK$4),$U24,NA()) -> #N/A | AL24: =IF(OR($AB24=AL$4,$AB25=AL$4),$U24,NA()) -> #N/A | AM24: =IF(OR($AB24=AM$4,$AB25=AM$4),$U24,NA()) -> #N/A | AN24: =IF(OR($AB24=AN$4,$AB25=AN$4),$U24,NA()) -> -2.1886004 | AO24: =IF(OR($AB24=AO$5,$AB25=AO$5),$BG24,NA()) -> #N/A | AP24: =IF(OR($AB24=AP$5,$AB25=AP$5),$BG24,NA()) -> #N/A | AQ24: =IF(OR($AB24=AQ$5,$AB25=AQ$5),$BG24,NA()) -> #N/A | AR24: =IF(OR($AB24=AN$5,$AB25=AN$5),$BG24,NA()) -> #N/A | AT24: =A24 -> 37589 | AU24: =IF($V24="E",4,IF($V24="R",2,IF($V24="SD",3,1))) -> 2 | AV24: =IF($Z24="E",4,IF($Z24="R",2,IF($Z24="SD",3,1))) -> 2 | BG24: {=_xll.BDH($BG$3,"PX_LAST",$A24,$A24,"Days=A","Fill=P")} -> 222.47 | BH24: =BG24/BG23-1 -> 0.044411061 | BI24: =AB24 -> R | BJ24: =_xlfn.XLOOKUP(BI24,$BP$23:$BP$26,$BQ$23:$BQ$26) -> 1 | BK24: =BJ24*BH25 -> -0.086393671 | BL24: 100 | BM24: 100 | BN24: =BL24/BM24 -> 1 | BP24: SD | BQ24: 0
A25: 37621 | B25: =_xll.BDH(B$2,"PX_LAST",$A25,$A25,"Days=A","Fill=P") -> 98.7679 | C25: =$BQ$2*C24 + (1-$BQ$2)*B25 -> 99.835554 | D25: =(C25-AVERAGE(C6:C25))/AVEDEV(C6:C25) -> -1.7593503 | E25: 51.6 | F25: =$BQ$1*F24+(1-$BQ$1)*(E25-50) -> 0.059404398 | G25: -0.59 | H25: =$BQ$1*H24+(1-$BQ$1) * MAX(AVERAGE($G$4:$G$256)-3*STDEVA($G$4:$G$256),MIN(G25,AVERAGE($G$4:$G$256)+3*STDEVA($G$4:$G$256))) -> -0.22259163 | I25: {=_xll.BDH(I$2,"PX_LAST",$A25,$A25,"Days=A","Fill=P")} -> -0.929 | J25: =$BQ$3*J24+(1-$BQ$3)*I25 -> -0.94419792 | K25: =(J25-MEDIAN(J6:J25))/AVEDEV(J6:J25) -> -2.4232869 | T25: C | U25: =AVERAGE(D24,K25,N25,Q25) -> -2.022656 | V25: =IF(U25-U24>0,IF(U25>=0,"E","R"),IF(U25>=0,"SD","C")) -> R | W25: =U25-U24 -> 0.16594439 | X25: =IF(OR(ABS($U25-$U24)>$W$1),1,0) -> 0 | Y25: =$U25-$U24 -> 0.16594439 | Z25: =IF(ABS($U25-$U24)>AE25,V25,Z24) -> R | AA25: =IF(Z25<>V24,U25,AA24) -> -2.1886004 | AB25: =Z25 -> R | AC25: Quanti | AD25: =ABS(W25) -> 0.16594439 | AE25: 0.15 | AI25: 0 | AK25: =IF(OR($AB25=AK$4,$AB26=AK$4),$U25,NA()) -> #N/A | AL25: =IF(OR($AB25=AL$4,$AB26=AL$4),$U25,NA()) -> #N/A | AM25: =IF(OR($AB25=AM$4,$AB26=AM$4),$U25,NA()) -> #N/A | AN25: =IF(OR($AB25=AN$4,$AB26=AN$4),$U25,NA()) -> -2.022656 | AO25: =IF(OR($AB25=AO$5,$AB26=AO$5),$BG25,NA()) -> #N/A | AP25: =IF(OR($AB25=AP$5,$AB26=AP$5),$BG25,NA()) -> #N/A | AQ25: =IF(OR($AB25=AQ$5,$AB26=AQ$5),$BG25,NA()) -> #N/A | AR25: =IF(OR($AB25=AN$5,$AB26=AN$5),$BG25,NA()) -> #N/A | AT25: =A25 -> 37621 | AU25: =IF($V25="E",4,IF($V25="R",2,IF($V25="SD",3,1))) -> 2 | AV25: =IF($Z25="E",4,IF($Z25="R",2,IF($Z25="SD",3,1))) -> 2 | BG25: {=_xll.BDH($BG$3,"PX_LAST",$A25,$A25,"Days=A","Fill=P")} -> 203.25 | BH25: =BG25/BG24-1 -> -0.086393671 | BI25: =AB25 -> R | BJ25: =_xlfn.XLOOKUP(BI25,$BP$23:$BP$26,$BQ$23:$BQ$26) -> 1 | BK25: =BJ25*BH26 -> -0.070110701 | BL25: =BL24*(1+BK24) -> 91.360633 | BM25: =BM24*(1+BH25) -> 91.360633 | BN25: =BL25/BM25 -> 1 | BP25: C | BQ25: 0
A26: 37652 | B26: =_xll.BDH(B$2,"PX_LAST",$A26,$A26,"Days=A","Fill=P") -> 98.6135 | C26: =$BQ$2*C25 + (1-$BQ$2)*B26 -> 99.774452 | D26: =(C26-AVERAGE(C7:C26))/AVEDEV(C7:C26) -> -1.9379152 | E26: 51.3 | F26: =$BQ$1*F25+(1-$BQ$1)*(E26-50) -> 0.30752352 | G26: 0.35 | H26: =$BQ$1*H25+(1-$BQ$1) * MAX(AVERAGE($G$4:$G$256)-3*STDEVA($G$4:$G$256),MIN(G26,AVERAGE($G$4:$G$256)+3*STDEVA($G$4:$G$256))) -> -0.1080733 | I26: {=_xll.BDH(I$2,"PX_LAST",$A26,$A26,"Days=A","Fill=P")} -> -0.972 | J26: =$BQ$3*J25+(1-$BQ$3)*I26 -> -0.94558802 | K26: =(J26-MEDIAN(J7:J26))/AVEDEV(J7:J26) -> -2.218648 | O26: {=_xll.BDH(O$3,"PX_LAST",$A26,$A26,"Days=A","Fill=P")} -> 29.9 | P26: =O26 -> 29.9 | T26: R | U26: =AVERAGE(D25,K26,N26,Q26) -> -1.9889991 | V26: =IF(U26-U25>0,IF(U26>=0,"E","R"),IF(U26>=0,"SD","C")) -> R | W26: =U26-U25 -> 0.033656858 | X26: =IF(OR(ABS($U26-$U25)>$W$1),1,0) -> 0 | Y26: =$U26-$U25 -> 0.033656858 | Z26: =IF(ABS($U26-$U25)>AE26,V26,Z25) -> R | AA26: =IF(Z26<>V25,U26,AA25) -> -2.1886004 | AB26: =Z26 -> R | AC26: Quanti | AD26: =ABS(W26) -> 0.033656858 | AE26: 0.15 | AI26: 0 | AK26: =IF(OR($AB26=AK$4,$AB27=AK$4),$U26,NA()) -> #N/A | AL26: =IF(OR($AB26=AL$4,$AB27=AL$4),$U26,NA()) -> #N/A | AM26: =IF(OR($AB26=AM$4,$AB27=AM$4),$U26,NA()) -> #N/A | AN26: =IF(OR($AB26=AN$4,$AB27=AN$4),$U26,NA()) -> -1.9889991 | AO26: =IF(OR($AB26=AO$5,$AB27=AO$5),$BG26,NA()) -> #N/A | AP26: =IF(OR($AB26=AP$5,$AB27=AP$5),$BG26,NA()) -> #N/A | AQ26: =IF(OR($AB26=AQ$5,$AB27=AQ$5),$BG26,NA()) -> #N/A | AR26: =IF(OR($AB26=AN$5,$AB27=AN$5),$BG26,NA()) -> #N/A | AT26: =A26 -> 37652 | AU26: =IF($V26="E",4,IF($V26="R",2,IF($V26="SD",3,1))) -> 2 | AV26: =IF($Z26="E",4,IF($Z26="R",2,IF($Z26="SD",3,1))) -> 2 | BG26: {=_xll.BDH($BG$3,"PX_LAST",$A26,$A26,"Days=A","Fill=P")} -> 189 | BH26: =BG26/BG25-1 -> -0.070110701 | BI26: =AB26 -> R | BJ26: =_xlfn.XLOOKUP(BI26,$BP$23:$BP$26,$BQ$23:$BQ$26) -> 1 | BK26: =BJ26*BH27 -> -0.038359788 | BL26: =BL25*(1+BK25) -> 84.955275 | BM26: =BM25*(1+BH26) -> 84.955275 | BN26: =BL26/BM26 -> 1 | BP26: R | BQ26: 1
A27: 37680 | B27: =_xll.BDH(B$2,"PX_LAST",$A27,$A27,"Days=A","Fill=P") -> 98.4868 | C27: =$BQ$2*C26 + (1-$BQ$2)*B27 -> 99.710069 | D27: =(C27-AVERAGE(C8:C27))/AVEDEV(C8:C27) -> -2.1392653 | E27: 48.8 | F27: =$BQ$1*F26+(1-$BQ$1)*(E27-50) -> 0.006018815 | G27: -0.46 | H27: =$BQ$1*H26+(1-$BQ$1) * MAX(AVERAGE($G$4:$G$256)-3*STDEVA($G$4:$G$256),MIN(G27,AVERAGE($G$4:$G$256)+3*STDEVA($G$4:$G$256))) -> -0.17845864 | I27: {=_xll.BDH(I$2,"PX_LAST",$A27,$A27,"Days=A","Fill=P")} -> -1.059 | J27: =$BQ$3*J26+(1-$BQ$3)*I27 -> -0.95125862 | K27: =(J27-MEDIAN(J8:J27))/AVEDEV(J8:J27) -> -2.1607434 | O27: {=_xll.BDH(O$3,"PX_LAST",$A27,$A27,"Days=A","Fill=P")} -> 56.3 | P27: =$BQ$5*P26+(1-$BQ$5)*O27 -> 32.54 | T27: C | U27: =AVERAGE(D26,K27,N27,Q27) -> -2.0493293 | V27: =IF(U27-U26>0,IF(U27>=0,"E","R"),IF(U27>=0,"SD","C")) -> C | W27: =U27-U26 -> -0.060330188 | X27: =IF(OR(ABS($U27-$U26)>$W$1),1,0) -> 0 | Y27: =$U27-$U26 -> -0.060330188 | Z27: =IF(ABS($U27-$U26)>AE27,V27,Z26) -> R | AA27: =IF(Z27<>V26,U27,AA26) -> -2.1886004 | AB27: =Z27 -> R | AC27: Quanti | AD27: =ABS(W27) -> 0.060330188 | AE27: 0.15 | AI27: 0 | AK27: =IF(OR($AB27=AK$4,$AB28=AK$4),$U27,NA()) -> #N/A | AL27: =IF(OR($AB27=AL$4,$AB28=AL$4),$U27,NA()) -> #N/A | AM27: =IF(OR($AB27=AM$4,$AB28=AM$4),$U27,NA()) -> #N/A | AN27: =IF(OR($AB27=AN$4,$AB28=AN$4),$U27,NA()) -> -2.0493293 | AO27: =IF(OR($AB27=AO$5,$AB28=AO$5),$BG27,NA()) -> #N/A | AP27: =IF(OR($AB27=AP$5,$AB28=AP$5),$BG27,NA()) -> #N/A | AQ27: =IF(OR($AB27=AQ$5,$AB28=AQ$5),$BG27,NA()) -> #N/A | AR27: =IF(OR($AB27=AN$5,$AB28=AN$5),$BG27,NA()) -> #N/A | AT27: =A27 -> 37680 | AU27: =IF($V27="E",4,IF($V27="R",2,IF($V27="SD",3,1))) -> 1 | AV27: =IF($Z27="E",4,IF($Z27="R",2,IF($Z27="SD",3,1))) -> 2 | BG27: {=_xll.BDH($BG$3,"PX_LAST",$A27,$A27,"Days=A","Fill=P")} -> 181.75 | BH27: =BG27/BG26-1 -> -0.038359788 | BI27: =AB27 -> R | BJ27: =_xlfn.XLOOKUP(BI27,$BP$23:$BP$26,$BQ$23:$BQ$26) -> 1 | BK27: =BJ27*BH28 -> -0.029381018 | BL27: =BL26*(1+BK26) -> 81.696409 | BM27: =BM26*(1+BH27) -> 81.696409 | BN27: =BL27/BM27 -> 1
A28: 37711 | B28: =_xll.BDH(B$2,"PX_LAST",$A28,$A28,"Days=A","Fill=P") -> 98.4106 | C28: =$BQ$2*C27 + (1-$BQ$2)*B28 -> 99.645096 | D28: =(C28-AVERAGE(C9:C28))/AVEDEV(C9:C28) -> -2.3020633 | E28: 46.3 | F28: =$BQ$1*F27+(1-$BQ$1)*(E28-50) -> -0.73518495 | G28: -0.19 | H28: =$BQ$1*H27+(1-$BQ$1) * MAX(AVERAGE($G$4:$G$256)-3*STDEVA($G$4:$G$256),MIN(G28,AVERAGE($G$4:$G$256)+3*STDEVA($G$4:$G$256))) -> -0.18076691 | I28: {=_xll.BDH(I$2,"PX_LAST",$A28,$A28,"Days=A","Fill=P")} -> -1.122 | J28: =$BQ$3*J27+(1-$BQ$3)*I28 -> -0.95979569 | K28: =(J28-MEDIAN(J9:J28))/AVEDEV(J9:J28) -> -2.1140618 | O28: {=_xll.BDH(O$3,"PX_LAST",$A28,$A28,"Days=A","Fill=P")} -> 44.6 | P28: =$BQ$5*P27+(1-$BQ$5)*O28 -> 33.746 | T28: C | U28: =AVERAGE(D27,K28,N28,Q28) -> -2.1266635 | V28: =IF(U28-U27>0,IF(U28>=0,"E","R"),IF(U28>=0,"SD","C")) -> C | W28: =U28-U27 -> -0.077334236 | X28: =IF(OR(ABS($U28-$U27)>$W$1),1,0) -> 0 | Y28: =$U28-$U27 -> -0.077334236 | Z28: =IF(ABS($U28-$U27)>AE28,V28,Z27) -> R | AA28: =IF(Z28<>V27,U28,AA27) -> -2.1266635 | AB28: =Z28 -> R | AC28: Quanti | AD28: =ABS(W28) -> 0.077334236 | AE28: 0.15 | AI28: 0 | AK28: =IF(OR($AB28=AK$4,$AB29=AK$4),$U28,NA()) -> #N/A | AL28: =IF(OR($AB28=AL$4,$AB29=AL$4),$U28,NA()) -> #N/A | AM28: =IF(OR($AB28=AM$4,$AB29=AM$4),$U28,NA()) -> #N/A | AN28: =IF(OR($AB28=AN$4,$AB29=AN$4),$U28,NA()) -> -2.1266635 | AO28: =IF(OR($AB28=AO$5,$AB29=AO$5),$BG28,NA()) -> #N/A | AP28: =IF(OR($AB28=AP$5,$AB29=AP$5),$BG28,NA()) -> #N/A | AQ28: =IF(OR($AB28=AQ$5,$AB29=AQ$5),$BG28,NA()) -> #N/A | AR28: =IF(OR($AB28=AN$5,$AB29=AN$5),$BG28,NA()) -> #N/A | AT28: =A28 -> 37711 | AU28: =IF($V28="E",4,IF($V28="R",2,IF($V28="SD",3,1))) -> 1 | AV28: =IF($Z28="E",4,IF($Z28="R",2,IF($Z28="SD",3,1))) -> 2 | BG28: {=_xll.BDH($BG$3,"PX_LAST",$A28,$A28,"Days=A","Fill=P")} -> 176.41 | BH28: =BG28/BG27-1 -> -0.029381018 | BI28: =AB28 -> R | BJ28: =_xlfn.XLOOKUP(BI28,$BP$23:$BP$26,$BQ$23:$BQ$26) -> 1 | BK28: =BJ28*BH29 -> 0.10469928 | BL28: =BL27*(1+BK27) -> 79.296085 | BM28: =BM27*(1+BH28) -> 79.296085 | BN28: =BL28/BM28 -> 1
A29: 37741 | B29: =_xll.BDH(B$2,"PX_LAST",$A29,$A29,"Days=A","Fill=P") -> 98.4043 | C29: =$BQ$2*C28 + (1-$BQ$2)*B29 -> 99.583056 | D29: =(C29-AVERAGE(C10:C29))/AVEDEV(C10:C29) -> -2.3607931 | E29: 46.1 | F29: =$BQ$1*F28+(1-$BQ$1)*(E29-50) -> -1.368148 | G29: -0.65 | H29: =$BQ$1*H28+(1-$BQ$1) * MAX(AVERAGE($G$4:$G$256)-3*STDEVA($G$4:$G$256),MIN(G29,AVERAGE($G$4:$G$256)+3*STDEVA($G$4:$G$256))) -> -0.27461353 | I29: {=_xll.BDH(I$2,"PX_LAST",$A29,$A29,"Days=A","Fill=P")} -> -0.355 | J29: =$BQ$3*J28+(1-$BQ$3)*I29 -> -0.92955591 | K29: =(J29-MEDIAN(J10:J29))/AVEDEV(J10:J29) -> -1.5604265 | O29: {=_xll.BDH(O$3,"PX_LAST",$A29,$A29,"Days=A","Fill=P")} -> -30.2 | P29: =$BQ$5*P28+(1-$BQ$5)*O29 -> 27.3514 | T29: R | U29: =AVERAGE(D28,K29,N29,Q29) -> -1.9312449 | V29: =IF(U29-U28>0,IF(U29>=0,"E","R"),IF(U29>=0,"SD","C")) -> R | W29: =U29-U28 -> 0.19541867 | X29: =IF(OR(ABS($U29-$U28)>$W$1),1,0) -> 0 | Y29: =$U29-$U28 -> 0.19541867 | Z29: =IF(ABS($U29-$U28)>AE29,V29,Z28) -> R | AA29: =IF(Z29<>V28,U29,AA28) -> -1.9312449 | AB29: =Z29 -> R | AC29: Quanti | AD29: =ABS(W29) -> 0.19541867 | AE29: 0.15 | AI29: 0 | AK29: =IF(OR($AB29=AK$4,$AB30=AK$4),$U29,NA()) -> #N/A | AL29: =IF(OR($AB29=AL$4,$AB30=AL$4),$U29,NA()) -> #N/A | AM29: =IF(OR($AB29=AM$4,$AB30=AM$4),$U29,NA()) -> #N/A | AN29: =IF(OR($AB29=AN$4,$AB30=AN$4),$U29,NA()) -> -1.9312449 | AO29: =IF(OR($AB29=AO$5,$AB30=AO$5),$BG29,NA()) -> #N/A | AP29: =IF(OR($AB29=AP$5,$AB30=AP$5),$BG29,NA()) -> #N/A | AQ29: =IF(OR($AB29=AQ$5,$AB30=AQ$5),$BG29,NA()) -> #N/A | AR29: =IF(OR($AB29=AN$5,$AB30=AN$5),$BG29,NA()) -> #N/A | AT29: =A29 -> 37741 | AU29: =IF($V29="E",4,IF($V29="R",2,IF($V29="SD",3,1))) -> 2 | AV29: =IF($Z29="E",4,IF($Z29="R",2,IF($Z29="SD",3,1))) -> 2 | BG29: {=_xll.BDH($BG$3,"PX_LAST",$A29,$A29,"Days=A","Fill=P")} -> 194.88 | BH29: =BG29/BG28-1 -> 0.10469928 | BI29: =AB29 -> R | BJ29: =_xlfn.XLOOKUP(BI29,$BP$23:$BP$26,$BQ$23:$BQ$26) -> 1 | BK29: =BJ29*BH30 -> 0.0085180624 | BL29: =BL28*(1+BK28) -> 87.598328 | BM29: =BM28*(1+BH29) -> 87.598328 | BN29: =BL29/BM29 -> 1
A30: 37771 | B30: =_xll.BDH(B$2,"PX_LAST",$A30,$A30,"Days=A","Fill=P") -> 98.4043 | C30: =$BQ$2*C29 + (1-$BQ$2)*B30 -> 99.524118 | D30: =(C30-AVERAGE(C11:C30))/AVEDEV(C11:C30) -> -2.3401645 | E30: 49 | F30: =$BQ$1*F29+(1-$BQ$1)*(E30-50) -> -1.2945184 | G30: 0 | H30: =$BQ$1*H29+(1-$BQ$1) * MAX(AVERAGE($G$4:$G$256)-3*STDEVA($G$4:$G$256),MIN(G30,AVERAGE($G$4:$G$256)+3*STDEVA($G$4:$G$256))) -> -0.21969083 | I30: {=_xll.BDH(I$2,"PX_LAST",$A30,$A30,"Days=A","Fill=P")} -> -0.197 | J30: =$BQ$3*J29+(1-$BQ$3)*I30 -> -0.89292811 | K30: =(J30-MEDIAN(J11:J30))/AVEDEV(J11:J30) -> -0.83932667 | O30: {=_xll.BDH(O$3,"PX_LAST",$A30,$A30,"Days=A","Fill=P")} -> -38.2 | P30: =$BQ$5*P29+(1-$BQ$5)*O30 -> 20.79626 | T30: R | U30: =AVERAGE(D29,K30,N30,Q30) -> -1.6000599 | V30: =IF(U30-U29>0,IF(U30>=0,"E","R"),IF(U30>=0,"SD","C")) -> R | W30: =U30-U29 -> 0.33118499 | X30: =IF(OR(ABS($U30-$U29)>$W$1),1,0) -> 1 | Y30: =$U30-$U29 -> 0.33118499 | Z30: =IF(ABS($U30-$U29)>AE30,V30,Z29) -> R | AA30: =IF(Z30<>V29,U30,AA29) -> -1.9312449 | AB30: =Z30 -> R | AC30: Quanti | AD30: =ABS(W30) -> 0.33118499 | AE30: 0.15 | AI30: 0 | AK30: =IF(OR($AB30=AK$4,$AB31=AK$4),$U30,NA()) -> #N/A | AL30: =IF(OR($AB30=AL$4,$AB31=AL$4),$U30,NA()) -> #N/A | AM30: =IF(OR($AB30=AM$4,$AB31=AM$4),$U30,NA()) -> #N/A | AN30: =IF(OR($AB30=AN$4,$AB31=AN$4),$U30,NA()) -> -1.6000599 | AO30: =IF(OR($AB30=AO$5,$AB31=AO$5),$BG30,NA()) -> #N/A | AP30: =IF(OR($AB30=AP$5,$AB31=AP$5),$BG30,NA()) -> #N/A | AQ30: =IF(OR($AB30=AQ$5,$AB31=AQ$5),$BG30,NA()) -> #N/A | AR30: =IF(OR($AB30=AN$5,$AB31=AN$5),$BG30,NA()) -> #N/A | AT30: =A30 -> 37771 | AU30: =IF($V30="E",4,IF($V30="R",2,IF($V30="SD",3,1))) -> 2 | AV30: =IF($Z30="E",4,IF($Z30="R",2,IF($Z30="SD",3,1))) -> 2 | BG30: {=_xll.BDH($BG$3,"PX_LAST",$A30,$A30,"Days=A","Fill=P")} -> 196.54 | BH30: =BG30/BG29-1 -> 0.0085180624 | BI30: =AB30 -> R | BJ30: =_xlfn.XLOOKUP(BI30,$BP$23:$BP$26,$BQ$23:$BQ$26) -> 1 | BK30: =BJ30*BH31 -> 0.032563346 | BL30: =BL29*(1+BK29) -> 88.344496 | BM30: =BM29*(1+BH30) -> 88.344496 | BN30: =BL30/BM30 -> 1
A31: 37802 | B31: =_xll.BDH(B$2,"PX_LAST",$A31,$A31,"Days=A","Fill=P") -> 98.5846 | C31: =$BQ$2*C30 + (1-$BQ$2)*B31 -> 99.477142 | D31: =(C31-AVERAGE(C12:C31))/AVEDEV(C12:C31) -> -2.2440445 | E31: 49 | F31: =$BQ$1*F30+(1-$BQ$1)*(E31-50) -> -1.2356147 | G31: 0.12 | H31: =$BQ$1*H30+(1-$BQ$1) * MAX(AVERAGE($G$4:$G$256)-3*STDEVA($G$4:$G$256),MIN(G31,AVERAGE($G$4:$G$256)+3*STDEVA($G$4:$G$256))) -> -0.15175266 | I31: {=_xll.BDH(I$2,"PX_LAST",$A31,$A31,"Days=A","Fill=P")} -> -0.125 | J31: =$BQ$3*J30+(1-$BQ$3)*I31 -> -0.8545317 | K31: =(J31-MEDIAN(J12:J31))/AVEDEV(J12:J31) -> -0.16669507 | O31: {=_xll.BDH(O$3,"PX_LAST",$A31,$A31,"Days=A","Fill=P")} -> -33.3 | P31: =$BQ$5*P30+(1-$BQ$5)*O31 -> 15.386634 | T31: R | U31: =AVERAGE(D30,K31,N31,Q31) -> -1.2534298 | V31: =IF(U31-U30>0,IF(U31>=0,"E","R"),IF(U31>=0,"SD","C")) -> R | W31: =U31-U30 -> 0.34663008 | X31: =IF(OR(ABS($U31-$U30)>$W$1),1,0) -> 1 | Y31: =$U31-$U30 -> 0.34663008 | Z31: =IF(ABS($U31-$U30)>AE31,V31,Z30) -> R | AA31: =IF(Z31<>V30,U31,AA30) -> -1.9312449 | AB31: =Z31 -> R | AC31: Quanti | AD31: =ABS(W31) -> 0.34663008 | AE31: 0.15 | AI31: 0 | AK31: =IF(OR($AB31=AK$4,$AB32=AK$4),$U31,NA()) -> #N/A | AL31: =IF(OR($AB31=AL$4,$AB32=AL$4),$U31,NA()) -> #N/A | AM31: =IF(OR($AB31=AM$4,$AB32=AM$4),$U31,NA()) -> #N/A | AN31: =IF(OR($AB31=AN$4,$AB32=AN$4),$U31,NA()) -> -1.2534298 | AO31: =IF(OR($AB31=AO$5,$AB32=AO$5),$BG31,NA()) -> #N/A | AP31: =IF(OR($AB31=AP$5,$AB32=AP$5),$BG31,NA()) -> #N/A | AQ31: =IF(OR($AB31=AQ$5,$AB32=AQ$5),$BG31,NA()) -> #N/A | AR31: =IF(OR($AB31=AN$5,$AB32=AN$5),$BG31,NA()) -> #N/A | AT31: =A31 -> 37802 | AU31: =IF($V31="E",4,IF($V31="R",2,IF($V31="SD",3,1))) -> 2 | AV31: =IF($Z31="E",4,IF($Z31="R",2,IF($Z31="SD",3,1))) -> 2 | BG31: {=_xll.BDH($BG$3,"PX_LAST",$A31,$A31,"Days=A","Fill=P")} -> 202.94 | BH31: =BG31/BG30-1 -> 0.032563346 | BI31: =AB31 -> R | BJ31: =_xlfn.XLOOKUP(BI31,$BP$23:$BP$26,$BQ$23:$BQ$26) -> 1 | BK31: =BJ31*BH32 -> 0.040258204 | BL31: =BL30*(1+BK30) -> 91.221288 | BM31: =BM30*(1+BH31) -> 91.221288 | BN31: =BL31/BM31 -> 1
A32: 37833 | B32: =_xll.BDH(B$2,"PX_LAST",$A32,$A32,"Days=A","Fill=P") -> 98.7496 | C32: =$BQ$2*C31 + (1-$BQ$2)*B32 -> 99.440765 | D32: =(C32-AVERAGE(C13:C32))/AVEDEV(C13:C32) -> -2.1055995 | E32: 51 | F32: =$BQ$1*F31+(1-$BQ$1)*(E32-50) -> -0.78849175 | G32: 0.1 | H32: =$BQ$1*H31+(1-$BQ$1) * MAX(AVERAGE($G$4:$G$256)-3*STDEVA($G$4:$G$256),MIN(G32,AVERAGE($G$4:$G$256)+3*STDEVA($G$4:$G$256))) -> -0.10140213 | I32: {=_xll.BDH(I$2,"PX_LAST",$A32,$A32,"Days=A","Fill=P")} -> 0.268 | J32: =$BQ$3*J31+(1-$BQ$3)*I32 -> -0.79840512 | K32: =(J32-MEDIAN(J13:J32))/AVEDEV(J13:J32) -> 0.33075031 | O32: {=_xll.BDH(O$3,"PX_LAST",$A32,$A32,"Days=A","Fill=P")} -> -1.6 | P32: =$BQ$5*P31+(1-$BQ$5)*O32 -> 13.687971 | T32: R | U32: =AVERAGE(D31,K32,N32,Q32) -> -0.95664712 | V32: =IF(U32-U31>0,IF(U32>=0,"E","R"),IF(U32>=0,"SD","C")) -> R | W32: =U32-U31 -> 0.29678269 | X32: =IF(OR(ABS($U32-$U31)>$W$1),1,0) -> 0 | Y32: =$U32-$U31 -> 0.29678269 | Z32: =IF(ABS($U32-$U31)>AE32,V32,Z31) -> R | AA32: =IF(Z32<>V31,U32,AA31) -> -1.9312449 | AB32: =Z32 -> R | AC32: Quanti | AD32: =ABS(W32) -> 0.29678269 | AE32: 0.15 | AI32: 0 | AK32: =IF(OR($AB32=AK$4,$AB33=AK$4),$U32,NA()) -> #N/A | AL32: =IF(OR($AB32=AL$4,$AB33=AL$4),$U32,NA()) -> #N/A | AM32: =IF(OR($AB32=AM$4,$AB33=AM$4),$U32,NA()) -> #N/A | AN32: =IF(OR($AB32=AN$4,$AB33=AN$4),$U32,NA()) -> -0.95664712 | AO32: =IF(OR($AB32=AO$5,$AB33=AO$5),$BG32,NA()) -> #N/A | AP32: =IF(OR($AB32=AP$5,$AB33=AP$5),$BG32,NA()) -> #N/A | AQ32: =IF(OR($AB32=AQ$5,$AB33=AQ$5),$BG32,NA()) -> #N/A | AR32: =IF(OR($AB32=AN$5,$AB33=AN$5),$BG32,NA()) -> #N/A | AT32: =A32 -> 37833 | AU32: =IF($V32="E",4,IF($V32="R",2,IF($V32="SD",3,1))) -> 2 | AV32: =IF($Z32="E",4,IF($Z32="R",2,IF($Z32="SD",3,1))) -> 2 | BG32: {=_xll.BDH($BG$3,"PX_LAST",$A32,$A32,"Days=A","Fill=P")} -> 211.11 | BH32: =BG32/BG31-1 -> 0.040258204 | BI32: =AB32 -> R | BJ32: =_xlfn.XLOOKUP(BI32,$BP$23:$BP$26,$BQ$23:$BQ$26) -> 1 | BK32: =BJ32*BH33 -> 0.017005353 | BL32: =BL31*(1+BK31) -> 94.893694 | BM32: =BM31*(1+BH32) -> 94.893694 | BN32: =BL32/BM32 -> 1
A33: 37862 | B33: =_xll.BDH(B$2,"PX_LAST",$A33,$A33,"Days=A","Fill=P") -> 98.7496 | C33: =$BQ$2*C32 + (1-$BQ$2)*B33 -> 99.406207 | D33: =(C33-AVERAGE(C14:C33))/AVEDEV(C14:C33) -> -1.9733884 | E33: 53.2 | F33: =$BQ$1*F32+(1-$BQ$1)*(E33-50) -> 0.0092065962 | G33: -0.15 | H33: =$BQ$1*H32+(1-$BQ$1) * MAX(AVERAGE($G$4:$G$256)-3*STDEVA($G$4:$G$256),MIN(G33,AVERAGE($G$4:$G$256)+3*STDEVA($G$4:$G$256))) -> -0.1111217 | I33: {=_xll.BDH(I$2,"PX_LAST",$A33,$A33,"Days=A","Fill=P")} -> 0.372 | J33: =$BQ$3*J32+(1-$BQ$3)*I33 -> -0.73988486 | K33: =(J33-MEDIAN(J14:J33))/AVEDEV(J14:J33) -> 0.89654953 | O33: {=_xll.BDH(O$3,"PX_LAST",$A33,$A33,"Days=A","Fill=P")} -> 20.9 | P33: =$BQ$5*P32+(1-$BQ$5)*O33 -> 14.409174 | T33: R | U33: =AVERAGE(D32,K33,N33,Q33) -> -0.60452499 | V33: =IF(U33-U32>0,IF(U33>=0,"E","R"),IF(U33>=0,"SD","C")) -> R | W33: =U33-U32 -> 0.35212213 | X33: =IF(OR(ABS($U33-$U32)>$W$1),1,0) -> 1 | Y33: =$U33-$U32 -> 0.35212213 | Z33: =IF(ABS($U33-$U32)>AE33,V33,Z32) -> R | AA33: =IF(Z33<>V32,U33,AA32) -> -1.9312449 | AB33: =Z33 -> R | AC33: Quanti | AD33: =ABS(W33) -> 0.35212213 | AE33: 0.15 | AI33: 0 | AK33: =IF(OR($AB33=AK$4,$AB34=AK$4),$U33,NA()) -> #N/A | AL33: =IF(OR($AB33=AL$4,$AB34=AL$4),$U33,NA()) -> #N/A | AM33: =IF(OR($AB33=AM$4,$AB34=AM$4),$U33,NA()) -> #N/A | AN33: =IF(OR($AB33=AN$4,$AB34=AN$4),$U33,NA()) -> -0.60452499 | AO33: =IF(OR($AB33=AO$5,$AB34=AO$5),$BG33,NA()) -> #N/A | AP33: =IF(OR($AB33=AP$5,$AB34=AP$5),$BG33,NA()) -> #N/A | AQ33: =IF(OR($AB33=AQ$5,$AB34=AQ$5),$BG33,NA()) -> #N/A | AR33: =IF(OR($AB33=AN$5,$AB34=AN$5),$BG33,NA()) -> #N/A | AT33: =A33 -> 37862 | AU33: =IF($V33="E",4,IF($V33="R",2,IF($V33="SD",3,1))) -> 2 | AV33: =IF($Z33="E",4,IF($Z33="R",2,IF($Z33="SD",3,1))) -> 2 | BG33: {=_xll.BDH($BG$3,"PX_LAST",$A33,$A33,"Days=A","Fill=P")} -> 214.7 | BH33: =BG33/BG32-1 -> 0.017005353 | BI33: =AB33 -> R | BJ33: =_xlfn.XLOOKUP(BI33,$BP$23:$BP$26,$BQ$23:$BQ$26) -> 1 | BK33: =BJ33*BH34 -> -0.036516069 | BL33: =BL32*(1+BK32) -> 96.507394 | BM33: =BM32*(1+BH33) -> 96.507394 | BN33: =BL33/BM33 -> 1
A34: 37894 | B34: =_xll.BDH(B$2,"PX_LAST",$A34,$A34,"Days=A","Fill=P") -> 99.1548 | C34: =$BQ$2*C33 + (1-$BQ$2)*B34 -> 99.393636 | D34: =(C34-AVERAGE(C15:C34))/AVEDEV(C15:C34) -> -1.7867793 | E34: 52.4 | F34: =$BQ$1*F33+(1-$BQ$1)*(E34-50) -> 0.48736528 | G34: 0.33 | H34: =$BQ$1*H33+(1-$BQ$1) * MAX(AVERAGE($G$4:$G$256)-3*STDEVA($G$4:$G$256),MIN(G34,AVERAGE($G$4:$G$256)+3*STDEVA($G$4:$G$256))) -> -0.022897362 | I34: {=_xll.BDH(I$2,"PX_LAST",$A34,$A34,"Days=A","Fill=P")} -> -0.081 | J34: =$BQ$3*J33+(1-$BQ$3)*I34 -> -0.70694062 | K34: =(J34-MEDIAN(J15:J34))/AVEDEV(J15:J34) -> 1.234409 | O34: {=_xll.BDH(O$3,"PX_LAST",$A34,$A34,"Days=A","Fill=P")} -> 50.5 | P34: =$BQ$5*P33+(1-$BQ$5)*O34 -> 18.018256 | T34: R | U34: =AVERAGE(D33,K34,N34,Q34) -> -0.36948969 | V34: =IF(U34-U33>0,IF(U34>=0,"E","R"),IF(U34>=0,"SD","C")) -> R | W34: =U34-U33 -> 0.2350353 | X34: =IF(OR(ABS($U34-$U33)>$W$1),1,0) -> 0 | Y34: =$U34-$U33 -> 0.2350353 | Z34: =IF(ABS($U34-$U33)>AE34,V34,Z33) -> R | AA34: =IF(Z34<>V33,U34,AA33) -> -1.9312449 | AB34: =Z34 -> R | AC34: Quanti | AD34: =ABS(W34) -> 0.2350353 | AE34: 0.15 | AI34: 0 | AK34: =IF(OR($AB34=AK$4,$AB35=AK$4),$U34,NA()) -> #N/A | AL34: =IF(OR($AB34=AL$4,$AB35=AL$4),$U34,NA()) -> #N/A | AM34: =IF(OR($AB34=AM$4,$AB35=AM$4),$U34,NA()) -> #N/A | AN34: =IF(OR($AB34=AN$4,$AB35=AN$4),$U34,NA()) -> -0.36948969 | AO34: =IF(OR($AB34=AO$5,$AB35=AO$5),$BG34,NA()) -> #N/A | AP34: =IF(OR($AB34=AP$5,$AB35=AP$5),$BG34,NA()) -> #N/A | AQ34: =IF(OR($AB34=AQ$5,$AB35=AQ$5),$BG34,NA()) -> #N/A | AR34: =IF(OR($AB34=AN$5,$AB35=AN$5),$BG34,NA()) -> #N/A | AT34: =A34 -> 37894 | AU34: =IF($V34="E",4,IF($V34="R",2,IF($V34="SD",3,1))) -> 2 | AV34: =IF($Z34="E",4,IF($Z34="R",2,IF($Z34="SD",3,1))) -> 2 | BG34: {=_xll.BDH($BG$3,"PX_LAST",$A34,$A34,"Days=A","Fill=P")} -> 206.86 | BH34: =BG34/BG33-1 -> -0.036516069 | BI34: =AB34 -> R | BJ34: =_xlfn.XLOOKUP(BI34,$BP$23:$BP$26,$BQ$23:$BQ$26) -> 1 | BK34: =BJ34*BH35 -> 0.070917529 | BL34: =BL33*(1+BK33) -> 92.983324 | BM34: =BM33*(1+BH34) -> 92.983324 | BN34: =BL34/BM34 -> 1
A35: 37925 | B35: =_xll.BDH(B$2,"PX_LAST",$A35,$A35,"Days=A","Fill=P") -> 99.3656 | C35: =$BQ$2*C34 + (1-$BQ$2)*B35 -> 99.392235 | D35: =(C35-AVERAGE(C16:C35))/AVEDEV(C16:C35) -> -1.6021611 | E35: 55.2 | F35: =$BQ$1*F34+(1-$BQ$1)*(E35-50) -> 1.4298922 | G35: 0.12 | H35: =$BQ$1*H34+(1-$BQ$1) * MAX(AVERAGE($G$4:$G$256)-3*STDEVA($G$4:$G$256),MIN(G35,AVERAGE($G$4:$G$256)+3*STDEVA($G$4:$G$256))) -> 0.0056821103 | I35: {=_xll.BDH(I$2,"PX_LAST",$A35,$A35,"Days=A","Fill=P")} -> 0.45 | J35: =$BQ$3*J34+(1-$BQ$3)*I35 -> -0.64909359 | K35: =(J35-MEDIAN(J16:J35))/AVEDEV(J16:J35) -> 1.7749346 | O35: {=_xll.BDH(O$3,"PX_LAST",$A35,$A35,"Days=A","Fill=P")} -> 71.4 | P35: =$BQ$5*P34+(1-$BQ$5)*O35 -> 23.356431 | T35: R | U35: =AVERAGE(D34,K35,N35,Q35) -> -0.0059223915 | V35: =IF(U35-U34>0,IF(U35>=0,"E","R"),IF(U35>=0,"SD","C")) -> R | W35: =U35-U34 -> 0.3635673 | X35: =IF(OR(ABS($U35-$U34)>$W$1),1,0) -> 1 | Y35: =$U35-$U34 -> 0.3635673 | Z35: =IF(ABS($U35-$U34)>AE35,V35,Z34) -> R | AA35: =IF(Z35<>V34,U35,AA34) -> -1.9312449 | AB35: =Z35 -> R | AC35: Quanti | AD35: =ABS(W35) -> 0.3635673 | AE35: 0.15 | AI35: 0 | AK35: =IF(OR($AB35=AK$4,$AB36=AK$4),$U35,NA()) -> -0.0059223915 | AL35: =IF(OR($AB35=AL$4,$AB36=AL$4),$U35,NA()) -> #N/A | AM35: =IF(OR($AB35=AM$4,$AB36=AM$4),$U35,NA()) -> #N/A | AN35: =IF(OR($AB35=AN$4,$AB36=AN$4),$U35,NA()) -> -0.0059223915 | AO35: =IF(OR($AB35=AO$5,$AB36=AO$5),$BG35,NA()) -> 221.53 | AP35: =IF(OR($AB35=AP$5,$AB36=AP$5),$BG35,NA()) -> #N/A | AQ35: =IF(OR($AB35=AQ$5,$AB36=AQ$5),$BG35,NA()) -> #N/A | AR35: =IF(OR($AB35=AN$5,$AB36=AN$5),$BG35,NA()) -> #N/A | AT35: =A35 -> 37925 | AU35: =IF($V35="E",4,IF($V35="R",2,IF($V35="SD",3,1))) -> 2 | AV35: =IF($Z35="E",4,IF($Z35="R",2,IF($Z35="SD",3,1))) -> 2 | BG35: {=_xll.BDH($BG$3,"PX_LAST",$A35,$A35,"Days=A","Fill=P")} -> 221.53 | BH35: =BG35/BG34-1 -> 0.070917529 | BI35: =AB35 -> R | BJ35: =_xlfn.XLOOKUP(BI35,$BP$23:$BP$26,$BQ$23:$BQ$26) -> 1 | BK35: =BJ35*BH36 -> 0.0079898885 | BL35: =BL34*(1+BK34) -> 99.577471 | BM35: =BM34*(1+BH35) -> 99.577471 | BN35: =BL35/BM35 -> 1
A36: 37953 | B36: =_xll.BDH(B$2,"PX_LAST",$A36,$A36,"Days=A","Fill=P") -> 99.3656 | C36: =$BQ$2*C35 + (1-$BQ$2)*B36 -> 99.390903 | D36: =(C36-AVERAGE(C17:C36))/AVEDEV(C17:C36) -> -1.4444711 | E36: 58.4 | F36: =$BQ$1*F35+(1-$BQ$1)*(E36-50) -> 2.8239138 | G36: 0.47 | H36: =$BQ$1*H35+(1-$BQ$1) * MAX(AVERAGE($G$4:$G$256)-3*STDEVA($G$4:$G$256),MIN(G36,AVERAGE($G$4:$G$256)+3*STDEVA($G$4:$G$256))) -> 0.098545688 | I36: {=_xll.BDH(I$2,"PX_LAST",$A36,$A36,"Days=A","Fill=P")} -> 0.514 | J36: =$BQ$3*J35+(1-$BQ$3)*I36 -> -0.59093891 | K36: =(J36-MEDIAN(J17:J36))/AVEDEV(J17:J36) -> 2.2423594 | O36: {=_xll.BDH(O$3,"PX_LAST",$A36,$A36,"Days=A","Fill=P")} -> 74.2 | P36: =$BQ$5*P35+(1-$BQ$5)*O36 -> 28.440788 | T36: E | U36: =AVERAGE(D35,K36,N36,Q36) -> 0.32009915 | V36: =IF(U36-U35>0,IF(U36>=0,"E","R"),IF(U36>=0,"SD","C")) -> E | W36: =U36-U35 -> 0.32602155 | X36: =IF(OR(ABS($U36-$U35)>$W$1),1,0) -> 1 | Y36: =$U36-$U35 -> 0.32602155 | Z36: =IF(ABS($U36-$U35)>AE36,V36,Z35) -> E | AA36: =IF(Z36<>V35,U36,AA35) -> 0.32009915 | AB36: =Z36 -> E | AC36: Quanti | AD36: =ABS(W36) -> 0.32602155 | AE36: 0.15 | AI36: 0 | AK36: =IF(OR($AB36=AK$4,$AB37=AK$4),$U36,NA()) -> 0.32009915 | AL36: =IF(OR($AB36=AL$4,$AB37=AL$4),$U36,NA()) -> #N/A | AM36: =IF(OR($AB36=AM$4,$AB37=AM$4),$U36,NA()) -> #N/A | AN36: =IF(OR($AB36=AN$4,$AB37=AN$4),$U36,NA()) -> #N/A | AO36: =IF(OR($AB36=AO$5,$AB37=AO$5),$BG36,NA()) -> 223.3 | AP36: =IF(OR($AB36=AP$5,$AB37=AP$5),$BG36,NA()) -> #N/A | AQ36: =IF(OR($AB36=AQ$5,$AB37=AQ$5),$BG36,NA()) -> #N/A | AR36: =IF(OR($AB36=AN$5,$AB37=AN$5),$BG36,NA()) -> #N/A | AT36: =A36 -> 37953 | AU36: =IF($V36="E",4,IF($V36="R",2,IF($V36="SD",3,1))) -> 4 | AV36: =IF($Z36="E",4,IF($Z36="R",2,IF($Z36="SD",3,1))) -> 4 | BG36: {=_xll.BDH($BG$3,"PX_LAST",$A36,$A36,"Days=A","Fill=P")} -> 223.3 | BH36: =BG36/BG35-1 -> 0.0079898885 | BI36: =AB36 -> E | BJ36: =_xlfn.XLOOKUP(BI36,$BP$23:$BP$26,$BQ$23:$BQ$26) -> 1 | BK36: =BJ36*BH37 -> 0.026914465 | BL36: =BL35*(1+BK35) -> 100.37308 | BM36: =BM35*(1+BH36) -> 100.37308 | BN36: =BL36/BM36 -> 1
A37: 37986 | B37: =_xll.BDH(B$2,"PX_LAST",$A37,$A37,"Days=A","Fill=P") -> 99.7013 | C37: =$BQ$2*C36 + (1-$BQ$2)*B37 -> 99.406423 | D37: =(C37-AVERAGE(C18:C37))/AVEDEV(C18:C37) -> -1.255666 | E37: 60.1 | F37: =$BQ$1*F36+(1-$BQ$1)*(E37-50) -> 4.279131 | G37: 0.02 | H37: =$BQ$1*H36+(1-$BQ$1) * MAX(AVERAGE($G$4:$G$256)-3*STDEVA($G$4:$G$256),MIN(G37,AVERAGE($G$4:$G$256)+3*STDEVA($G$4:$G$256))) -> 0.082836551 | I37: {=_xll.BDH(I$2,"PX_LAST",$A37,$A37,"Days=A","Fill=P")} -> 0.659 | J37: =$BQ$3*J36+(1-$BQ$3)*I37 -> -0.52844196 | K37: =(J37-MEDIAN(J18:J37))/AVEDEV(J18:J37) -> 2.6355651 | O37: {=_xll.BDH(O$3,"PX_LAST",$A37,$A37,"Days=A","Fill=P")} -> 54.1 | P37: =$BQ$5*P36+(1-$BQ$5)*O37 -> 31.006709 | T37: E | U37: =AVERAGE(D36,K37,N37,Q37) -> 0.595547 | V37: =IF(U37-U36>0,IF(U37>=0,"E","R"),IF(U37>=0,"SD","C")) -> E | W37: =U37-U36 -> 0.27544784 | X37: =IF(OR(ABS($U37-$U36)>$W$1),1,0) -> 0 | Y37: =$U37-$U36 -> 0.27544784 | Z37: =IF(ABS($U37-$U36)>AE37,V37,Z36) -> E | AA37: =IF(Z37<>V36,U37,AA36) -> 0.32009915 | AB37: =Z37 -> E | AC37: Quanti | AD37: =ABS(W37) -> 0.27544784 | AE37: 0.15 | AI37: 0 | AK37: =IF(OR($AB37=AK$4,$AB38=AK$4),$U37,NA()) -> 0.595547 | AL37: =IF(OR($AB37=AL$4,$AB38=AL$4),$U37,NA()) -> #N/A | AM37: =IF(OR($AB37=AM$4,$AB38=AM$4),$U37,NA()) -> #N/A | AN37: =IF(OR($AB37=AN$4,$AB38=AN$4),$U37,NA()) -> #N/A | AO37: =IF(OR($AB37=AO$5,$AB38=AO$5),$BG37,NA()) -> 229.31 | AP37: =IF(OR($AB37=AP$5,$AB38=AP$5),$BG37,NA()) -> #N/A | AQ37: =IF(OR($AB37=AQ$5,$AB38=AQ$5),$BG37,NA()) -> #N/A | AR37: =IF(OR($AB37=AN$5,$AB38=AN$5),$BG37,NA()) -> #N/A | AT37: =A37 -> 37986 | AU37: =IF($V37="E",4,IF($V37="R",2,IF($V37="SD",3,1))) -> 4 | AV37: =IF($Z37="E",4,IF($Z37="R",2,IF($Z37="SD",3,1))) -> 4 | BG37: {=_xll.BDH($BG$3,"PX_LAST",$A37,$A37,"Days=A","Fill=P")} -> 229.31 | BH37: =BG37/BG36-1 -> 0.026914465 | BI37: =AB37 -> E | BJ37: =_xlfn.XLOOKUP(BI37,$BP$23:$BP$26,$BQ$23:$BQ$26) -> 1 | BK37: =BJ37*BH38 -> 0.028345907 | BL37: =BL36*(1+BK36) -> 103.07457 | BM37: =BM36*(1+BH37) -> 103.07457 | BN37: =BL37/BM37 -> 1
A38: 38016 | B38: =_xll.BDH(B$2,"PX_LAST",$A38,$A38,"Days=A","Fill=P") -> 99.7013 | C38: =$BQ$2*C37 + (1-$BQ$2)*B38 -> 99.421167 | D38: =(C38-AVERAGE(C19:C38))/AVEDEV(C19:C38) -> -1.0905872 | E38: 60.8 | F38: =$BQ$1*F37+(1-$BQ$1)*(E38-50) -> 5.5833048 | G38: 0.05 | H38: =$BQ$1*H37+(1-$BQ$1) * MAX(AVERAGE($G$4:$G$256)-3*STDEVA($G$4:$G$256),MIN(G38,AVERAGE($G$4:$G$256)+3*STDEVA($G$4:$G$256))) -> 0.07626924 | I38: {=_xll.BDH(I$2,"PX_LAST",$A38,$A38,"Days=A","Fill=P")} -> 0.591 | J38: =$BQ$3*J37+(1-$BQ$3)*I38 -> -0.47246987 | K38: =(J38-MEDIAN(J19:J38))/AVEDEV(J19:J38) -> 2.8470764 | O38: {=_xll.BDH(O$3,"PX_LAST",$A38,$A38,"Days=A","Fill=P")} -> 37.8 | P38: =$BQ$5*P37+(1-$BQ$5)*O38 -> 31.686038 | T38: E | U38: =AVERAGE(D37,K38,N38,Q38) -> 0.7957052 | V38: =IF(U38-U37>0,IF(U38>=0,"E","R"),IF(U38>=0,"SD","C")) -> E | W38: =U38-U37 -> 0.2001582 | X38: =IF(OR(ABS($U38-$U37)>$W$1),1,0) -> 0 | Y38: =$U38-$U37 -> 0.2001582 | Z38: =IF(ABS($U38-$U37)>AE38,V38,Z37) -> E | AA38: =IF(Z38<>V37,U38,AA37) -> 0.32009915 | AB38: =Z38 -> E | AC38: Quanti | AD38: =ABS(W38) -> 0.2001582 | AE38: 0.15 | AI38: 0 | AK38: =IF(OR($AB38=AK$4,$AB39=AK$4),$U38,NA()) -> 0.7957052 | AL38: =IF(OR($AB38=AL$4,$AB39=AL$4),$U38,NA()) -> #N/A | AM38: =IF(OR($AB38=AM$4,$AB39=AM$4),$U38,NA()) -> #N/A | AN38: =IF(OR($AB38=AN$4,$AB39=AN$4),$U38,NA()) -> #N/A | AO38: =IF(OR($AB38=AO$5,$AB39=AO$5),$BG38,NA()) -> 235.81 | AP38: =IF(OR($AB38=AP$5,$AB39=AP$5),$BG38,NA()) -> #N/A | AQ38: =IF(OR($AB38=AQ$5,$AB39=AQ$5),$BG38,NA()) -> #N/A | AR38: =IF(OR($AB38=AN$5,$AB39=AN$5),$BG38,NA()) -> #N/A | AT38: =A38 -> 38016 | AU38: =IF($V38="E",4,IF($V38="R",2,IF($V38="SD",3,1))) -> 4 | AV38: =IF($Z38="E",4,IF($Z38="R",2,IF($Z38="SD",3,1))) -> 4 | BG38: {=_xll.BDH($BG$3,"PX_LAST",$A38,$A38,"Days=A","Fill=P")} -> 235.81 | BH38: =BG38/BG37-1 -> 0.028345907 | BI38: =AB38 -> E | BJ38: =_xlfn.XLOOKUP(BI38,$BP$23:$BP$26,$BQ$23:$BQ$26) -> 1 | BK38: =BJ38*BH39 -> 0.028751961 | BL38: =BL37*(1+BK37) -> 105.99631 | BM38: =BM37*(1+BH38) -> 105.99631 | BN38: =BL38/BM38 -> 1
... A43: 38168 | B43: =_xll.BDH(B$2,"PX_LAST",$A43,$A43,"Days=A","Fill=P") -> 99.9376 | C43: =$BQ$2*C42 + (1-$BQ$2)*B43 -> 99.528525 | D43: =(C43-AVERAGE(C24:C43))/AVEDEV(C24:C43) -> -0.059397592 | E43: 60.5 | F43: =$BQ$1*F42+(1-$BQ$1)*(E43-50) -> 9.0067853 | G43: -0.3 | H43: =$BQ$1*H42+(1-$BQ$1) * MAX(AVERAGE($G$4:$G$256)-3*STDEVA($G$4:$G$256),MIN(G43,AVERAGE($G$4:$G$256)+3*STDEVA($G$4:$G$256))) -> 0.1478015 | I43: {=_xll.BDH(I$2,"PX_LAST",$A43,$A43,"Days=A","Fill=P")} -> 0.774 | J43: =$BQ$3*J42+(1-$BQ$3)*I43 -> -0.22444607 | K43: =(J43-MEDIAN(J24:J43))/AVEDEV(J24:J43) -> 2.2334925 | O43: {=_xll.BDH(O$3,"PX_LAST",$A43,$A43,"Days=A","Fill=P")} -> -33.5 | P43: =$BQ$5*P42+(1-$BQ$5)*O43 -> 12.43753 | T43: E | U43: =AVERAGE(D42,K43,N43,Q43) -> 0.95116237 | V43: =IF(U43-U42>0,IF(U43>=0,"E","R"),IF(U43>=0,"SD","C")) -> E | W43: =U43-U42 -> 0.04289319 | X43: =IF(OR(ABS($U43-$U42)>$W$1),1,0) -> 0 | Y43: =$U43-$U42 -> 0.04289319 | Z43: =IF(ABS($U43-$U42)>AE43,V43,Z42) -> E | AA43: =IF(Z43<>V42,U43,AA42) -> 0.95116237 | AB43: =Z43 -> E | AC43: Quanti | AD43: =ABS(W43) -> 0.04289319 | AE43: 0.15 | AI43: 0 | AK43: =IF(OR($AB43=AK$4,$AB44=AK$4),$U43,NA()) -> 0.95116237 | AL43: =IF(OR($AB43=AL$4,$AB44=AL$4),$U43,NA()) -> #N/A | AM43: =IF(OR($AB43=AM$4,$AB44=AM$4),$U43,NA()) -> #N/A | AN43: =IF(OR($AB43=AN$4,$AB44=AN$4),$U43,NA()) -> #N/A | AO43: =IF(OR($AB43=AO$5,$AB44=AO$5),$BG43,NA()) -> 240.86 | AP43: =IF(OR($AB43=AP$5,$AB44=AP$5),$BG43,NA()) -> #N/A | AQ43: =IF(OR($AB43=AQ$5,$AB44=AQ$5),$BG43,NA()) -> #N/A | AR43: =IF(OR($AB43=AN$5,$AB44=AN$5),$BG43,NA()) -> #N/A | AT43: =A43 -> 38168 | AU43: =IF($V43="E",4,IF($V43="R",2,IF($V43="SD",3,1))) -> 4 | AV43: =IF($Z43="E",4,IF($Z43="R",2,IF($Z43="SD",3,1))) -> 4 | BG43: {=_xll.BDH($BG$3,"PX_LAST",$A43,$A43,"Days=A","Fill=P")} -> 240.86 | BH43: =BG43/BG42-1 -> 0.014788287 | BI43: =AB43 -> E | BJ43: =_xlfn.XLOOKUP(BI43,$BP$23:$BP$26,$BQ$23:$BQ$26) -> 1 | BK43: =BJ43*BH44 -> -0.018516981 | BL43: =BL42*(1+BK42) -> 108.26628 | BM43: =BM42*(1+BH43) -> 108.26628 | BN43: =BL43/BM43 -> 1
A44: 38198 | B44: =_xll.BDH(B$2,"PX_LAST",$A44,$A44,"Days=A","Fill=P") -> 99.9376 | C44: =$BQ$2*C43 + (1-$BQ$2)*B44 -> 99.548979 | D44: =(C44-AVERAGE(C25:C44))/AVEDEV(C25:C44) -> 0.30298735 | E44: 59.9 | F44: =$BQ$1*F43+(1-$BQ$1)*(E44-50) -> 9.1854283 | G44: 0.44 | H44: =$BQ$1*H43+(1-$BQ$1) * MAX(AVERAGE($G$4:$G$256)-3*STDEVA($G$4:$G$256),MIN(G44,AVERAGE($G$4:$G$256)+3*STDEVA($G$4:$G$256))) -> 0.2062412 | I44: {=_xll.BDH(I$2,"PX_LAST",$A44,$A44,"Days=A","Fill=P")} -> 0.703 | J44: =$BQ$3*J43+(1-$BQ$3)*I44 -> -0.17807377 | K44: =(J44-MEDIAN(J25:J44))/AVEDEV(J25:J44) -> 2.1184722 | O44: {=_xll.BDH(O$3,"PX_LAST",$A44,$A44,"Days=A","Fill=P")} -> 27.4 | P44: =$BQ$5*P43+(1-$BQ$5)*O44 -> 13.933777 | T44: E | U44: =AVERAGE(D43,K44,N44,Q44) -> 1.0295373 | V44: =IF(U44-U43>0,IF(U44>=0,"E","R"),IF(U44>=0,"SD","C")) -> E | W44: =U44-U43 -> 0.078374952 | X44: =IF(OR(ABS($U44-$U43)>$W$1),1,0) -> 0 | Y44: =$U44-$U43 -> 0.078374952 | Z44: =IF(ABS($U44-$U43)>AE44,V44,Z43) -> E | AA44: =IF(Z44<>V43,U44,AA43) -> 0.95116237 | AB44: =Z44 -> E | AC44: Quanti | AD44: =ABS(W44) -> 0.078374952 | AE44: =PERCENTILE(AD24:AD44,$Z$1) -> 0.12182271 | AI44: 0 | AK44: =IF(OR($AB44=AK$4,$AB45=AK$4),$U44,NA()) -> 1.0295373 | AL44: =IF(OR($AB44=AL$4,$AB45=AL$4),$U44,NA()) -> #N/A | AM44: =IF(OR($AB44=AM$4,$AB45=AM$4),$U44,NA()) -> #N/A | AN44: =IF(OR($AB44=AN$4,$AB45=AN$4),$U44,NA()) -> #N/A | AO44: =IF(OR($AB44=AO$5,$AB45=AO$5),$BG44,NA()) -> 236.4 | AP44: =IF(OR($AB44=AP$5,$AB45=AP$5),$BG44,NA()) -> #N/A | AQ44: =IF(OR($AB44=AQ$5,$AB45=AQ$5),$BG44,NA()) -> #N/A | AR44: =IF(OR($AB44=AN$5,$AB45=AN$5),$BG44,NA()) -> #N/A | AT44: =A44 -> 38198 | AU44: =IF($V44="E",4,IF($V44="R",2,IF($V44="SD",3,1))) -> 4 | AV44: =IF($Z44="E",4,IF($Z44="R",2,IF($Z44="SD",3,1))) -> 4 | BG44: {=_xll.BDH($BG$3,"PX_LAST",$A44,$A44,"Days=A","Fill=P")} -> 236.4 | BH44: =BG44/BG43-1 -> -0.018516981 | BI44: =AB44 -> E | BJ44: =_xlfn.XLOOKUP(BI44,$BP$23:$BP$26,$BQ$23:$BQ$26) -> 1 | BK44: =BJ44*BH45 -> -0.011717428 | BL44: =BL43*(1+BK43) -> 106.26152 | BM44: =BM43*(1+BH44) -> 106.26152 | BN44: =BL44/BM44 -> 1
A45: 38230 | B45: =_xll.BDH(B$2,"PX_LAST",$A45,$A45,"Days=A","Fill=P") -> 99.9941 | C45: =$BQ$2*C44 + (1-$BQ$2)*B45 -> 99.571235 | D45: =(C45-AVERAGE(C26:C45))/AVEDEV(C26:C45) -> 0.77993671 | E45: 58.5 | F45: =$BQ$1*F44+(1-$BQ$1)*(E45-50) -> 9.0483426 | G45: 0.3 | H45: =$BQ$1*H44+(1-$BQ$1) * MAX(AVERAGE($G$4:$G$256)-3*STDEVA($G$4:$G$256),MIN(G45,AVERAGE($G$4:$G$256)+3*STDEVA($G$4:$G$256))) -> 0.22499296 | I45: {=_xll.BDH(I$2,"PX_LAST",$A45,$A45,"Days=A","Fill=P")} -> 0.64 | J45: =$BQ$3*J44+(1-$BQ$3)*I45 -> -0.13717008 | K45: =(J45-MEDIAN(J26:J45))/AVEDEV(J26:J45) -> 1.9654116 | O45: {=_xll.BDH(O$3,"PX_LAST",$A45,$A45,"Days=A","Fill=P")} -> 6.2 | P45: =$BQ$5*P44+(1-$BQ$5)*O45 -> 13.160399 | T45: E | U45: =AVERAGE(D44,K45,N45,Q45) -> 1.1341995 | V45: =IF(U45-U44>0,IF(U45>=0,"E","R"),IF(U45>=0,"SD","C")) -> E | W45: =U45-U44 -> 0.10466217 | X45: =IF(OR(ABS($U45-$U44)>$W$1),1,0) -> 0 | Y45: =$U45-$U44 -> 0.10466217 | Z45: =IF(ABS($U45-$U44)>AE45,V45,Z44) -> E | AA45: =IF(Z45<>V44,U45,AA44) -> 0.95116237 | AB45: =Z45 -> E | AC45: Quanti | AD45: =ABS(W45) -> 0.10466217 | AE45: =PERCENTILE(AD25:AD45,$Z$1) -> 0.10466217 | AI45: 0 | AK45: =IF(OR($AB45=AK$4,$AB46=AK$4),$U45,NA()) -> 1.1341995 | AL45: =IF(OR($AB45=AL$4,$AB46=AL$4),$U45,NA()) -> 1.1341995 | AM45: =IF(OR($AB45=AM$4,$AB46=AM$4),$U45,NA()) -> #N/A | AN45: =IF(OR($AB45=AN$4,$AB46=AN$4),$U45,NA()) -> #N/A | AO45: =IF(OR($AB45=AO$5,$AB46=AO$5),$BG45,NA()) -> 233.63 | AP45: =IF(OR($AB45=AP$5,$AB46=AP$5),$BG45,NA()) -> 233.63 | AQ45: =IF(OR($AB45=AQ$5,$AB46=AQ$5),$BG45,NA()) -> #N/A | AR45: =IF(OR($AB45=AN$5,$AB46=AN$5),$BG45,NA()) -> #N/A | AT45: =A45 -> 38230 | AU45: =IF($V45="E",4,IF($V45="R",2,IF($V45="SD",3,1))) -> 4 | AV45: =IF($Z45="E",4,IF($Z45="R",2,IF($Z45="SD",3,1))) -> 4 | BG45: {=_xll.BDH($BG$3,"PX_LAST",$A45,$A45,"Days=A","Fill=P")} -> 233.63 | BH45: =BG45/BG44-1 -> -0.011717428 | BI45: =AB45 -> E | BJ45: =_xlfn.XLOOKUP(BI45,$BP$23:$BP$26,$BQ$23:$BQ$26) -> 1 | BK45: =BJ45*BH46 -> 0.017591919 | BL45: =BL44*(1+BK44) -> 105.01641 | BM45: =BM44*(1+BH45) -> 105.01641 | BN45: =BL45/BM45 -> 1
A46: 38260 | B46: =_xll.BDH(B$2,"PX_LAST",$A46,$A46,"Days=A","Fill=P") -> 100.0352 | C46: =$BQ$2*C45 + (1-$BQ$2)*B46 -> 99.594433 | D46: =(C46-AVERAGE(C27:C46))/AVEDEV(C27:C46) -> 1.3161667 | E46: 57.4 | F46: =$BQ$1*F45+(1-$BQ$1)*(E46-50) -> 8.7186741 | G46: 0.13 | H46: =$BQ$1*H45+(1-$BQ$1) * MAX(AVERAGE($G$4:$G$256)-3*STDEVA($G$4:$G$256),MIN(G46,AVERAGE($G$4:$G$256)+3*STDEVA($G$4:$G$256))) -> 0.20599437 | I46: {=_xll.BDH(I$2,"PX_LAST",$A46,$A46,"Days=A","Fill=P")} -> 0.77 | J46: =$BQ$3*J45+(1-$BQ$3)*I46 -> -0.091811576 | K46: =(J46-MEDIAN(J27:J46))/AVEDEV(J27:J46) -> 1.8500863 | O46: {=_xll.BDH(O$3,"PX_LAST",$A46,$A46,"Days=A","Fill=P")} -> 27.9 | P46: =$BQ$5*P45+(1-$BQ$5)*O46 -> 14.634359 | Q46: =(P46-MEDIAN(P26:P46))/AVEDEV(P26:P46) -> -1.0289051 | T46: E | U46: =AVERAGE(D45,K46,N46,Q46) -> 0.53370599 | V46: =IF(U46-U45>0,IF(U46>=0,"E","R"),IF(U46>=0,"SD","C")) -> SD | W46: =U46-U45 -> -0.6004935 | X46: =IF(OR(ABS($U46-$U45)>$W$1),1,0) -> 1 | Y46: =$U46-$U45 -> -0.6004935 | Z46: =IF(ABS($U46-$U45)>AE46,V46,Z45) -> SD | AA46: =IF(Z46<>V45,U46,AA45) -> 0.53370599 | AB46: =Z46 -> SD | AC46: Quanti | AD46: =ABS(W46) -> 0.6004935 | AE46: =PERCENTILE(AD26:AD46,$Z$1) -> 0.10466217 | AI46: 0 | AK46: =IF(OR($AB46=AK$4,$AB47=AK$4),$U46,NA()) -> #N/A | AL46: =IF(OR($AB46=AL$4,$AB47=AL$4),$U46,NA()) -> 0.53370599 | AM46: =IF(OR($AB46=AM$4,$AB47=AM$4),$U46,NA()) -> #N/A | AN46: =IF(OR($AB46=AN$4,$AB47=AN$4),$U46,NA()) -> #N/A | AO46: =IF(OR($AB46=AO$5,$AB47=AO$5),$BG46,NA()) -> #N/A | AP46: =IF(OR($AB46=AP$5,$AB47=AP$5),$BG46,NA()) -> 237.74 | AQ46: =IF(OR($AB46=AQ$5,$AB47=AQ$5),$BG46,NA()) -> #N/A | AR46: =IF(OR($AB46=AN$5,$AB47=AN$5),$BG46,NA()) -> #N/A | AT46: =A46 -> 38260 | AU46: =IF($V46="E",4,IF($V46="R",2,IF($V46="SD",3,1))) -> 3 | AV46: =IF($Z46="E",4,IF($Z46="R",2,IF($Z46="SD",3,1))) -> 3 | BG46: {=_xll.BDH($BG$3,"PX_LAST",$A46,$A46,"Days=A","Fill=P")} -> 237.74 | BH46: =BG46/BG45-1 -> 0.017591919 | BI46: =AB46 -> SD | BJ46: =_xlfn.XLOOKUP(BI46,$BP$23:$BP$26,$BQ$23:$BQ$26) -> 0 | BK46: =BJ46*BH47 -> 0 | BL46: =BL45*(1+BK45) -> 106.86385 | BM46: =BM45*(1+BH46) -> 106.86385 | BN46: =BL46/BM46 -> 1
A47: 38289 | B47: =_xll.BDH(B$2,"PX_LAST",$A47,$A47,"Days=A","Fill=P") -> 100.0352 | C47: =$BQ$2*C46 + (1-$BQ$2)*B47 -> 99.616472 | D47: =(C47-AVERAGE(C28:C47))/AVEDEV(C28:C47) -> 1.7994784 | E47: 56.3 | F47: =$BQ$1*F46+(1-$BQ$1)*(E47-50) -> 8.2349393 | G47: 0.45 | H47: =$BQ$1*H46+(1-$BQ$1) * MAX(AVERAGE($G$4:$G$256)-3*STDEVA($G$4:$G$256),MIN(G47,AVERAGE($G$4:$G$256)+3*STDEVA($G$4:$G$256))) -> 0.2547955 | I47: {=_xll.BDH(I$2,"PX_LAST",$A47,$A47,"Days=A","Fill=P")} -> 0.84 | J47: =$BQ$3*J46+(1-$BQ$3)*I47 -> -0.045220997 | K47: =(J47-MEDIAN(J28:J47))/AVEDEV(J28:J47) -> 1.7788457 | O47: {=_xll.BDH(O$3,"PX_LAST",$A47,$A47,"Days=A","Fill=P")} -> -15.3 | P47: =$BQ$5*P46+(1-$BQ$5)*O47 -> 11.640923 | Q47: =(P47-MEDIAN(P27:P47))/AVEDEV(P27:P47) -> -1.4031172 | T47: E | U47: =AVERAGE(D46,K47,N47,Q47) -> 0.56396506 | V47: =IF(U47-U46>0,IF(U47>=0,"E","R"),IF(U47>=0,"SD","C")) -> E | W47: =U47-U46 -> 0.03025907 | X47: =IF(OR(ABS($U47-$U46)>$W$1),1,0) -> 0 | Y47: =$U47-$U46 -> 0.03025907 | Z47: =IF(ABS($U47-$U46)>AE47,V47,Z46) -> SD | AA47: =IF(Z47<>V46,U47,AA46) -> 0.53370599 | AB47: =Z47 -> SD | AC47: Quanti | AD47: =ABS(W47) -> 0.03025907 | AE47: =PERCENTILE(AD27:AD47,$Z$1) -> 0.10466217 | AI47: 0 | AK47: =IF(OR($AB47=AK$4,$AB48=AK$4),$U47,NA()) -> #N/A | AL47: =IF(OR($AB47=AL$4,$AB48=AL$4),$U47,NA()) -> 0.56396506 | AM47: =IF(OR($AB47=AM$4,$AB48=AM$4),$U47,NA()) -> #N/A | AN47: =IF(OR($AB47=AN$4,$AB48=AN$4),$U47,NA()) -> #N/A | AO47: =IF(OR($AB47=AO$5,$AB48=AO$5),$BG47,NA()) -> #N/A | AP47: =IF(OR($AB47=AP$5,$AB48=AP$5),$BG47,NA()) -> 240.3 | AQ47: =IF(OR($AB47=AQ$5,$AB48=AQ$5),$BG47,NA()) -> #N/A | AR47: =IF(OR($AB47=AN$5,$AB48=AN$5),$BG47,NA()) -> #N/A | AT47: =A47 -> 38289 | AU47: =IF($V47="E",4,IF($V47="R",2,IF($V47="SD",3,1))) -> 4 | AV47: =IF($Z47="E",4,IF($Z47="R",2,IF($Z47="SD",3,1))) -> 3 | BG47: {=_xll.BDH($BG$3,"PX_LAST",$A47,$A47,"Days=A","Fill=P")} -> 240.3 | BH47: =BG47/BG46-1 -> 0.010768066 | BI47: =AB47 -> SD | BJ47: =_xlfn.XLOOKUP(BI47,$BP$23:$BP$26,$BQ$23:$BQ$26) -> 0 | BK47: =BJ47*BH48 -> 0 | BL47: =BL46*(1+BK46) -> 106.86385 | BM47: =BM46*(1+BH47) -> 108.01456 | BN47: =BL47/BM47 -> 0.98934665
A48: 38321 | B48: =_xll.BDH(B$2,"PX_LAST",$A48,$A48,"Days=A","Fill=P") -> 100.0815 | C48: =$BQ$2*C47 + (1-$BQ$2)*B48 -> 99.639723 | D48: =(C48-AVERAGE(C29:C48))/AVEDEV(C29:C48) -> 2.1480304 | E48: 56.2 | F48: =$BQ$1*F47+(1-$BQ$1)*(E48-50) -> 7.8279514 | G48: 0.01 | H48: =$BQ$1*H47+(1-$BQ$1) * MAX(AVERAGE($G$4:$G$256)-3*STDEVA($G$4:$G$256),MIN(G48,AVERAGE($G$4:$G$256)+3*STDEVA($G$4:$G$256))) -> 0.2058364 | I48: {=_xll.BDH(I$2,"PX_LAST",$A48,$A48,"Days=A","Fill=P")} -> 0.974 | J48: =$BQ$3*J47+(1-$BQ$3)*I48 -> 0.0057400527 | K48: =(J48-MEDIAN(J29:J48))/AVEDEV(J29:J48) -> 1.7578994 | O48: {=_xll.BDH(O$3,"PX_LAST",$A48,$A48,"Days=A","Fill=P")} -> -78.8 | P48: =$BQ$5*P47+(1-$BQ$5)*O48 -> 2.5968308 | Q48: =(P48-MEDIAN(P28:P48))/AVEDEV(P28:P48) -> -2.2797539 | T48: E | U48: =AVERAGE(D47,K48,N48,Q48) -> 0.42587462 | V48: =IF(U48-U47>0,IF(U48>=0,"E","R"),IF(U48>=0,"SD","C")) -> SD | W48: =U48-U47 -> -0.13809044 | X48: =IF(OR(ABS($U48-$U47)>$W$1),1,0) -> 0 | Y48: =$U48-$U47 -> -0.13809044 | Z48: =IF(ABS($U48-$U47)>AE48,V48,Z47) -> SD | AA48: =IF(Z48<>V47,U48,AA47) -> 0.42587462 | AB48: =Z48 -> SD | AC48: Quanti | AD48: =ABS(W48) -> 0.13809044 | AE48: =PERCENTILE(AD28:AD48,$Z$1) -> 0.12182271 | AI48: 0 | AK48: =IF(OR($AB48=AK$4,$AB49=AK$4),$U48,NA()) -> #N/A | AL48: =IF(OR($AB48=AL$4,$AB49=AL$4),$U48,NA()) -> 0.42587462 | AM48: =IF(OR($AB48=AM$4,$AB49=AM$4),$U48,NA()) -> #N/A | AN48: =IF(OR($AB48=AN$4,$AB49=AN$4),$U48,NA()) -> #N/A | AO48: =IF(OR($AB48=AO$5,$AB49=AO$5),$BG48,NA()) -> #N/A | AP48: =IF(OR($AB48=AP$5,$AB49=AP$5),$BG48,NA()) -> 246.51 | AQ48: =IF(OR($AB48=AQ$5,$AB49=AQ$5),$BG48,NA()) -> #N/A | AR48: =IF(OR($AB48=AN$5,$AB49=AN$5),$BG48,NA()) -> #N/A | AT48: =A48 -> 38321 | AU48: =IF($V48="E",4,IF($V48="R",2,IF($V48="SD",3,1))) -> 3 | AV48: =IF($Z48="E",4,IF($Z48="R",2,IF($Z48="SD",3,1))) -> 3 | BG48: {=_xll.BDH($BG$3,"PX_LAST",$A48,$A48,"Days=A","Fill=P")} -> 246.51 | BH48: =BG48/BG47-1 -> 0.025842697 | BI48: =AB48 -> SD | BJ48: =_xlfn.XLOOKUP(BI48,$BP$23:$BP$26,$BQ$23:$BQ$26) -> 0 | BK48: =BJ48*BH49 -> 0 | BL48: =BL47*(1+BK47) -> 106.86385 | BM48: =BM47*(1+BH48) -> 110.80595 | BN48: =BL48/BM48 -> 0.96442335
A49: 38352 | B49: =_xll.BDH(B$2,"PX_LAST",$A49,$A49,"Days=A","Fill=P") -> 100.0591 | C49: =$BQ$2*C48 + (1-$BQ$2)*B49 -> 99.660692 | D49: =(C49-AVERAGE(C30:C49))/AVEDEV(C30:C49) -> 2.256048 | E49: 57.2 | F49: =$BQ$1*F48+(1-$BQ$1)*(E49-50) -> 7.7023611 | G49: 0.79 | H49: =$BQ$1*H48+(1-$BQ$1) * MAX(AVERAGE($G$4:$G$256)-3*STDEVA($G$4:$G$256),MIN(G49,AVERAGE($G$4:$G$256)+3*STDEVA($G$4:$G$256))) -> 0.32266912 | I49: {=_xll.BDH(I$2,"PX_LAST",$A49,$A49,"Days=A","Fill=P")} -> 1.052 | J49: =$BQ$3*J48+(1-$BQ$3)*I49 -> 0.05805305 | K49: =(J49-MEDIAN(J30:J49))/AVEDEV(J30:J49) -> 1.7715608 | O49: {=_xll.BDH(O$3,"PX_LAST",$A49,$A49,"Days=A","Fill=P")} -> -15.2 | P49: =$BQ$5*P48+(1-$BQ$5)*O49 -> 0.81714772 | Q49: =(P49-MEDIAN(P29:P49))/AVEDEV(P29:P49) -> -2.4644939 | T49: E | U49: =AVERAGE(D48,K49,N49,Q49) -> 0.48503242 | V49: =IF(U49-U48>0,IF(U49>=0,"E","R"),IF(U49>=0,"SD","C")) -> E | W49: =U49-U48 -> 0.059157793 | X49: =IF(OR(ABS($U49-$U48)>$W$1),1,0) -> 0 | Y49: =$U49-$U48 -> 0.059157793 | Z49: =IF(ABS($U49-$U48)>AE49,V49,Z48) -> SD | AA49: =IF(Z49<>V48,U49,AA48) -> 0.42587462 | AB49: =Z49 -> SD | AC49: Quanti | AD49: =ABS(W49) -> 0.059157793 | AE49: =PERCENTILE(AD29:AD49,$Z$1) -> 0.12182271 | AI49: 0 | AK49: =IF(OR($AB49=AK$4,$AB50=AK$4),$U49,NA()) -> 0.48503242 | AL49: =IF(OR($AB49=AL$4,$AB50=AL$4),$U49,NA()) -> 0.48503242 | AM49: =IF(OR($AB49=AM$4,$AB50=AM$4),$U49,NA()) -> #N/A | AN49: =IF(OR($AB49=AN$4,$AB50=AN$4),$U49,NA()) -> #N/A | AO49: =IF(OR($AB49=AO$5,$AB50=AO$5),$BG49,NA()) -> 251.11 | AP49: =IF(OR($AB49=AP$5,$AB50=AP$5),$BG49,NA()) -> 251.11 | AQ49: =IF(OR($AB49=AQ$5,$AB50=AQ$5),$BG49,NA()) -> #N/A | AR49: =IF(OR($AB49=AN$5,$AB50=AN$5),$BG49,NA()) -> #N/A | AT49: =A49 -> 38352 | AU49: =IF($V49="E",4,IF($V49="R",2,IF($V49="SD",3,1))) -> 4 | AV49: =IF($Z49="E",4,IF($Z49="R",2,IF($Z49="SD",3,1))) -> 3 | BG49: {=_xll.BDH($BG$3,"PX_LAST",$A49,$A49,"Days=A","Fill=P")} -> 251.11 | BH49: =BG49/BG48-1 -> 0.018660501 | BI49: =AB49 -> SD | BJ49: =_xlfn.XLOOKUP(BI49,$BP$23:$BP$26,$BQ$23:$BQ$26) -> 0 | BK49: =BJ49*BH50 -> 0 | BL49: =BL48*(1+BK48) -> 106.86385 | BM49: =BM48*(1+BH49) -> 112.87365 | BN49: =BL49/BM49 -> 0.9467564
A50: 38383 | B50: =_xll.BDH(B$2,"PX_LAST",$A50,$A50,"Days=A","Fill=P") -> 99.9972 | C50: =$BQ$2*C49 + (1-$BQ$2)*B50 -> 99.677517 | D50: =(C50-AVERAGE(C31:C50))/AVEDEV(C31:C50) -> 2.1351502 | E50: 56.8 | F50: =$BQ$1*F49+(1-$BQ$1)*(E50-50) -> 7.5218889 | G50: 0.18 | H50: =$BQ$1*H49+(1-$BQ$1) * MAX(AVERAGE($G$4:$G$256)-3*STDEVA($G$4:$G$256),MIN(G50,AVERAGE($G$4:$G$256)+3*STDEVA($G$4:$G$256))) -> 0.29413529 | I50: {=_xll.BDH(I$2,"PX_LAST",$A50,$A50,"Days=A","Fill=P")} -> 1.22 | J50: =$BQ$3*J49+(1-$BQ$3)*I50 -> 0.1161504 | K50: =(J50-MEDIAN(J31:J50))/AVEDEV(J31:J50) -> 1.8395145 | O50: {=_xll.BDH(O$3,"PX_LAST",$A50,$A50,"Days=A","Fill=P")} -> 24.9 | P50: =$BQ$5*P49+(1-$BQ$5)*O50 -> 3.2254329 | Q50: =(P50-MEDIAN(P30:P50))/AVEDEV(P30:P50) -> -1.7574255 | T50: E | U50: =AVERAGE(D49,K50,N50,Q50) -> 0.77937899 | V50: =IF(U50-U49>0,IF(U50>=0,"E","R"),IF(U50>=0,"SD","C")) -> E | W50: =U50-U49 -> 0.29434658 | X50: =IF(OR(ABS($U50-$U49)>$W$1),1,0) -> 0 | Y50: =$U50-$U49 -> 0.29434658 | Z50: =IF(ABS($U50-$U49)>AE50,V50,Z49) -> E | AA50: =IF(Z50<>V49,U50,AA49) -> 0.42587462 | AB50: =Z50 -> E | AC50: Quanti | AD50: =ABS(W50) -> 0.29434658 | AE50: =PERCENTILE(AD30:AD50,$Z$1) -> 0.12182271 | AI50: 0 | AK50: =IF(OR($AB50=AK$4,$AB51=AK$4),$U50,NA()) -> 0.77937899 | AL50: =IF(OR($AB50=AL$4,$AB51=AL$4),$U50,NA()) -> #N/A | AM50: =IF(OR($AB50=AM$4,$AB51=AM$4),$U50,NA()) -> #N/A | AN50: =IF(OR($AB50=AN$4,$AB51=AN$4),$U50,NA()) -> #N/A | AO50: =IF(OR($AB50=AO$5,$AB51=AO$5),$BG50,NA()) -> 256.85 | AP50: =IF(OR($AB50=AP$5,$AB51=AP$5),$BG50,NA()) -> #N/A | AQ50: =IF(OR($AB50=AQ$5,$AB51=AQ$5),$BG50,NA()) -> #N/A | AR50: =IF(OR($AB50=AN$5,$AB51=AN$5),$BG50,NA()) -> #N/A | AT50: =A50 -> 38383 | AU50: =IF($V50="E",4,IF($V50="R",2,IF($V50="SD",3,1))) -> 4 | AV50: =IF($Z50="E",4,IF($Z50="R",2,IF($Z50="SD",3,1))) -> 4 | BG50: {=_xll.BDH($BG$3,"PX_LAST",$A50,$A50,"Days=A","Fill=P")} -> 256.85 | BH50: =BG50/BG49-1 -> 0.022858508 | BI50: =AB50 -> E | BJ50: =_xlfn.XLOOKUP(BI50,$BP$23:$BP$26,$BQ$23:$BQ$26) -> 1 | BK50: =BJ50*BH51 -> 0.028966323 | BL50: =BL49*(1+BK49) -> 106.86385 | BM50: =BM49*(1+BH50) -> 115.45377 | BN50: =BL50/BM50 -> 0.9255986
A51: 38411 | B51: =_xll.BDH(B$2,"PX_LAST",$A51,$A51,"Days=A","Fill=P") -> 99.9045 | C51: =$BQ$2*C50 + (1-$BQ$2)*B51 -> 99.688867 | D51: =(C51-AVERAGE(C32:C51))/AVEDEV(C32:C51) -> 1.9389982 | E51: 55.5 | F51: =$BQ$1*F50+(1-$BQ$1)*(E51-50) -> 7.1175111 | G51: 0.38 | H51: =$BQ$1*H50+(1-$BQ$1) * MAX(AVERAGE($G$4:$G$256)-3*STDEVA($G$4:$G$256),MIN(G51,AVERAGE($G$4:$G$256)+3*STDEVA($G$4:$G$256))) -> 0.31130824 | I51: {=_xll.BDH(I$2,"PX_LAST",$A51,$A51,"Days=A","Fill=P")} -> 1.363 | J51: =$BQ$3*J50+(1-$BQ$3)*I51 -> 0.17849288 | K51: =(J51-MEDIAN(J32:J51))/AVEDEV(J32:J51) -> 1.9184059 | O51: {=_xll.BDH(O$3,"PX_LAST",$A51,$A51,"Days=A","Fill=P")} -> 59.5 | P51: =$BQ$5*P50+(1-$BQ$5)*O51 -> 8.8528897 | Q51: =(P51-MEDIAN(P31:P51))/AVEDEV(P31:P51) -> -0.81895256 | T51: E | U51: =AVERAGE(D50,K51,N51,Q51) -> 1.0782012 | V51: =IF(U51-U50>0,IF(U51>=0,"E","R"),IF(U51>=0,"SD","C")) -> E | W51: =U51-U50 -> 0.29882218 | X51: =IF(OR(ABS($U51-$U50)>$W$1),1,0) -> 0 | Y51: =$U51-$U50 -> 0.29882218 | Z51: =IF(ABS($U51-$U50)>AE51,V51,Z50) -> E | AA51: =IF(Z51<>V50,U51,AA50) -> 0.42587462 | AB51: =Z51 -> E | AC51: Quanti | AD51: =ABS(W51) -> 0.29882218 | AE51: =PERCENTILE(AD31:AD51,$Z$1) -> 0.12182271 | AI51: 0 | AK51: =IF(OR($AB51=AK$4,$AB52=AK$4),$U51,NA()) -> 1.0782012 | AL51: =IF(OR($AB51=AL$4,$AB52=AL$4),$U51,NA()) -> #N/A | AM51: =IF(OR($AB51=AM$4,$AB52=AM$4),$U51,NA()) -> #N/A | AN51: =IF(OR($AB51=AN$4,$AB52=AN$4),$U51,NA()) -> #N/A | AO51: =IF(OR($AB51=AO$5,$AB52=AO$5),$BG51,NA()) -> 264.29 | AP51: =IF(OR($AB51=AP$5,$AB52=AP$5),$BG51,NA()) -> #N/A | AQ51: =IF(OR($AB51=AQ$5,$AB52=AQ$5),$BG51,NA()) -> #N/A | AR51: =IF(OR($AB51=AN$5,$AB52=AN$5),$BG51,NA()) -> #N/A | AT51: =A51 -> 38411 | AU51: =IF($V51="E",4,IF($V51="R",2,IF($V51="SD",3,1))) -> 4 | AV51: =IF($Z51="E",4,IF($Z51="R",2,IF($Z51="SD",3,1))) -> 4 | BG51: {=_xll.BDH($BG$3,"PX_LAST",$A51,$A51,"Days=A","Fill=P")} -> 264.29 | BH51: =BG51/BG50-1 -> 0.028966323 | BI51: =AB51 -> E | BJ51: =_xlfn.XLOOKUP(BI51,$BP$23:$BP$26,$BQ$23:$BQ$26) -> 1 | BK51: =BJ51*BH52 -> -0.0079458171 | BL51: =BL50*(1+BK50) -> 109.9593 | BM51: =BM50*(1+BH51) -> 118.79804 | BN51: =BL51/BM51 -> 0.9255986
A52: 38442 | B52: =_xll.BDH(B$2,"PX_LAST",$A52,$A52,"Days=A","Fill=P") -> 99.7975 | C52: =$BQ$2*C51 + (1-$BQ$2)*B52 -> 99.694298 | D52: =(C52-AVERAGE(C33:C52))/AVEDEV(C33:C52) -> 1.7542129 | E52: 55.2 | F52: =$BQ$1*F51+(1-$BQ$1)*(E52-50) -> 6.7340089 | G52: -0.29 | H52: =$BQ$1*H51+(1-$BQ$1) * MAX(AVERAGE($G$4:$G$256)-3*STDEVA($G$4:$G$256),MIN(G52,AVERAGE($G$4:$G$256)+3*STDEVA($G$4:$G$256))) -> 0.19104659 | I52: {=_xll.BDH(I$2,"PX_LAST",$A52,$A52,"Days=A","Fill=P")} -> 1.177 | J52: =$BQ$3*J51+(1-$BQ$3)*I52 -> 0.22841823 | K52: =(J52-MEDIAN(J33:J52))/AVEDEV(J33:J52) -> 1.9239031 | O52: {=_xll.BDH(O$3,"PX_LAST",$A52,$A52,"Days=A","Fill=P")} -> -4.6 | P52: =$BQ$5*P51+(1-$BQ$5)*O52 -> 7.5076007 | Q52: =(P52-MEDIAN(P32:P52))/AVEDEV(P32:P52) -> -0.93502256 | T52: E | U52: =AVERAGE(D51,K52,N52,Q52) -> 0.97595955 | V52: =IF(U52-U51>0,IF(U52>=0,"E","R"),IF(U52>=0,"SD","C")) -> SD | W52: =U52-U51 -> -0.10224162 | X52: =IF(OR(ABS($U52-$U51)>$W$1),1,0) -> 0 | Y52: =$U52-$U51 -> -0.10224162 | Z52: =IF(ABS($U52-$U51)>AE52,V52,Z51) -> E | AA52: =IF(Z52<>V51,U52,AA51) -> 0.42587462 | AB52: =Z52 -> E | AC52: Quanti | AD52: =ABS(W52) -> 0.10224162 | AE52: =PERCENTILE(AD32:AD52,$Z$1) -> 0.10466217 | AI52: 0 | AK52: =IF(OR($AB52=AK$4,$AB53=AK$4),$U52,NA()) -> 0.97595955 | AL52: =IF(OR($AB52=AL$4,$AB53=AL$4),$U52,NA()) -> 0.97595955 | AM52: =IF(OR($AB52=AM$4,$AB53=AM$4),$U52,NA()) -> #N/A | AN52: =IF(OR($AB52=AN$4,$AB53=AN$4),$U52,NA()) -> #N/A | AO52: =IF(OR($AB52=AO$5,$AB53=AO$5),$BG52,NA()) -> 262.19 | AP52: =IF(OR($AB52=AP$5,$AB53=AP$5),$BG52,NA()) -> 262.19 | AQ52: =IF(OR($AB52=AQ$5,$AB53=AQ$5),$BG52,NA()) -> #N/A | AR52: =IF(OR($AB52=AN$5,$AB53=AN$5),$BG52,NA()) -> #N/A | AT52: =A52 -> 38442 | AU52: =IF($V52="E",4,IF($V52="R",2,IF($V52="SD",3,1))) -> 3 | AV52: =IF($Z52="E",4,IF($Z52="R",2,IF($Z52="SD",3,1))) -> 4 | BG52: {=_xll.BDH($BG$3,"PX_LAST",$A52,$A52,"Days=A","Fill=P")} -> 262.19 | BH52: =BG52/BG51-1 -> -0.0079458171 | BI52: =AB52 -> E | BJ52: =_xlfn.XLOOKUP(BI52,$BP$23:$BP$26,$BQ$23:$BQ$26) -> 1 | BK52: =BJ52*BH53 -> -0.023379992 | BL52: =BL51*(1+BK51) -> 109.08558 | BM52: =BM51*(1+BH52) -> 117.85409 | BN52: =BL52/BM52 -> 0.9255986
A53: 38471 | B53: =_xll.BDH(B$2,"PX_LAST",$A53,$A53,"Days=A","Fill=P") -> 99.7975 | C53: =$BQ$2*C52 + (1-$BQ$2)*B53 -> 99.699458 | D53: =(C53-AVERAGE(C34:C53))/AVEDEV(C34:C53) -> 1.6140125 | E53: 52.2 | F53: =$BQ$1*F52+(1-$BQ$1)*(E53-50) -> 5.8272071 | G53: 0.53 | H53: =$BQ$1*H52+(1-$BQ$1) * MAX(AVERAGE($G$4:$G$256)-3*STDEVA($G$4:$G$256),MIN(G53,AVERAGE($G$4:$G$256)+3*STDEVA($G$4:$G$256))) -> 0.25883727 | I53: {=_xll.BDH(I$2,"PX_LAST",$A53,$A53,"Days=A","Fill=P")} -> 0.932 | J53: =$BQ$3*J52+(1-$BQ$3)*I53 -> 0.26359732 | K53: =(J53-MEDIAN(J34:J53))/AVEDEV(J34:J53) -> 1.8768792 | O53: {=_xll.BDH(O$3,"PX_LAST",$A53,$A53,"Days=A","Fill=P")} -> -93.5 | P53: =$BQ$5*P52+(1-$BQ$5)*O53 -> -2.5931594 | Q53: =(P53-MEDIAN(P33:P53))/AVEDEV(P33:P53) -> -2.1132148 | T53: E | U53: =AVERAGE(D52,K53,N53,Q53) -> 0.50595909 | V53: =IF(U53-U52>0,IF(U53>=0,"E","R"),IF(U53>=0,"SD","C")) -> SD | W53: =U53-U52 -> -0.47000046 | X53: =IF(OR(ABS($U53-$U52)>$W$1),1,0) -> 1 | Y53: =$U53-$U52 -> -0.47000046 | Z53: =IF(ABS($U53-$U52)>AE53,V53,Z52) -> SD | AA53: =IF(Z53<>V52,U53,AA52) -> 0.42587462 | AB53: =Z53 -> SD | AC53: Quanti | AD53: =ABS(W53) -> 0.47000046 | AE53: =PERCENTILE(AD33:AD53,$Z$1) -> 0.10466217 | AI53: 0 | AK53: =IF(OR($AB53=AK$4,$AB54=AK$4),$U53,NA()) -> #N/A | AL53: =IF(OR($AB53=AL$4,$AB54=AL$4),$U53,NA()) -> 0.50595909 | AM53: =IF(OR($AB53=AM$4,$AB54=AM$4),$U53,NA()) -> #N/A | AN53: =IF(OR($AB53=AN$4,$AB54=AN$4),$U53,NA()) -> #N/A | AO53: =IF(OR($AB53=AO$5,$AB54=AO$5),$BG53,NA()) -> #N/A | AP53: =IF(OR($AB53=AP$5,$AB54=AP$5),$BG53,NA()) -> 256.06 | AQ53: =IF(OR($AB53=AQ$5,$AB54=AQ$5),$BG53,NA()) -> #N/A | AR53: =IF(OR($AB53=AN$5,$AB54=AN$5),$BG53,NA()) -> #N/A | AT53: =A53 -> 38471 | AU53: =IF($V53="E",4,IF($V53="R",2,IF($V53="SD",3,1))) -> 3 | AV53: =IF($Z53="E",4,IF($Z53="R",2,IF($Z53="SD",3,1))) -> 3 | BG53: {=_xll.BDH($BG$3,"PX_LAST",$A53,$A53,"Days=A","Fill=P")} -> 256.06 | BH53: =BG53/BG52-1 -> -0.023379992 | BI53: =AB53 -> SD | BJ53: =_xlfn.XLOOKUP(BI53,$BP$23:$BP$26,$BQ$23:$BQ$26) -> 0 | BK53: =BJ53*BH54 -> 0 | BL53: =BL52*(1+BK52) -> 106.53516 | BM53: =BM52*(1+BH53) -> 115.09866 | BN53: =BL53/BM53 -> 0.9255986
A54: 38503 | B54: =_xll.BDH(B$2,"PX_LAST",$A54,$A54,"Days=A","Fill=P") -> 99.6229 | C54: =$BQ$2*C53 + (1-$BQ$2)*B54 -> 99.69563 | D54: =(C54-AVERAGE(C35:C54))/AVEDEV(C35:C54) -> 1.4275683 | E54: 50.8 | F54: =$BQ$1*F53+(1-$BQ$1)*(E54-50) -> 4.8217657 | G54: -0.02 | H54: =$BQ$1*H53+(1-$BQ$1) * MAX(AVERAGE($G$4:$G$256)-3*STDEVA($G$4:$G$256),MIN(G54,AVERAGE($G$4:$G$256)+3*STDEVA($G$4:$G$256))) -> 0.20306982 | I54: {=_xll.BDH(I$2,"PX_LAST",$A54,$A54,"Days=A","Fill=P")} -> 1.176 | J54: =$BQ$3*J53+(1-$BQ$3)*I54 -> 0.30921746 | K54: =(J54-MEDIAN(J35:J54))/AVEDEV(J35:J54) -> 1.9008362 | O54: {=_xll.BDH(O$3,"PX_LAST",$A54,$A54,"Days=A","Fill=P")} -> -103.9 | P54: =$BQ$5*P53+(1-$BQ$5)*O54 -> -12.723843 | Q54: =(P54-MEDIAN(P34:P54))/AVEDEV(P34:P54) -> -2.897278 | T54: E | U54: =AVERAGE(D53,K54,N54,Q54) -> 0.20585691 | V54: =IF(U54-U53>0,IF(U54>=0,"E","R"),IF(U54>=0,"SD","C")) -> SD | W54: =U54-U53 -> -0.30010218 | X54: =IF(OR(ABS($U54-$U53)>$W$1),1,0) -> 1 | Y54: =$U54-$U53 -> -0.30010218 | Z54: =IF(ABS($U54-$U53)>AE54,V54,Z53) -> SD | AA54: =IF(Z54<>V53,U54,AA53) -> 0.42587462 | AB54: =Z54 -> SD | AC54: Quanti | AD54: =ABS(W54) -> 0.30010218 | AE54: =PERCENTILE(AD34:AD54,$Z$1) -> 0.10466217 | AI54: 0 | AK54: =IF(OR($AB54=AK$4,$AB55=AK$4),$U54,NA()) -> #N/A | AL54: =IF(OR($AB54=AL$4,$AB55=AL$4),$U54,NA()) -> 0.20585691 | AM54: =IF(OR($AB54=AM$4,$AB55=AM$4),$U54,NA()) -> #N/A | AN54: =IF(OR($AB54=AN$4,$AB55=AN$4),$U54,NA()) -> #N/A | AO54: =IF(OR($AB54=AO$5,$AB55=AO$5),$BG54,NA()) -> #N/A | AP54: =IF(OR($AB54=AP$5,$AB55=AP$5),$BG54,NA()) -> 267.29 | AQ54: =IF(OR($AB54=AQ$5,$AB55=AQ$5),$BG54,NA()) -> #N/A | AR54: =IF(OR($AB54=AN$5,$AB55=AN$5),$BG54,NA()) -> #N/A | AT54: =A54 -> 38503 | AU54: =IF($V54="E",4,IF($V54="R",2,IF($V54="SD",3,1))) -> 3 | AV54: =IF($Z54="E",4,IF($Z54="R",2,IF($Z54="SD",3,1))) -> 3 | BG54: {=_xll.BDH($BG$3,"PX_LAST",$A54,$A54,"Days=A","Fill=P")} -> 267.29 | BH54: =BG54/BG53-1 -> 0.043856909 | BI54: =AB54 -> SD | BJ54: =_xlfn.XLOOKUP(BI54,$BP$23:$BP$26,$BQ$23:$BQ$26) -> 0 | BK54: =BJ54*BH55 -> 0 | BL54: =BL53*(1+BK53) -> 106.53516 | BM54: =BM53*(1+BH54) -> 120.14654 | BN54: =BL54/BM54 -> 0.88671023
A55: 38533 | B55: =_xll.BDH(B$2,"PX_LAST",$A55,$A55,"Days=A","Fill=P") -> 99.608 | C55: =$BQ$2*C54 + (1-$BQ$2)*B55 -> 99.691249 | D55: =(C55-AVERAGE(C36:C55))/AVEDEV(C36:C55) -> 1.2677888 | E55: 52.4 | F55: =$BQ$1*F54+(1-$BQ$1)*(E55-50) -> 4.3374126 | G55: 0.36 | H55: =$BQ$1*H54+(1-$BQ$1) * MAX(AVERAGE($G$4:$G$256)-3*STDEVA($G$4:$G$256),MIN(G55,AVERAGE($G$4:$G$256)+3*STDEVA($G$4:$G$256))) -> 0.23445585 | I55: {=_xll.BDH(I$2,"PX_LAST",$A55,$A55,"Days=A","Fill=P")} -> 1.305 | J55: =$BQ$3*J54+(1-$BQ$3)*I55 -> 0.35900658 | K55: =(J55-MEDIAN(J36:J55))/AVEDEV(J36:J55) -> 1.9341464 | O55: {=_xll.BDH(O$3,"PX_LAST",$A55,$A55,"Days=A","Fill=P")} -> -44.5 | P55: =$BQ$5*P54+(1-$BQ$5)*O55 -> -15.901459 | Q55: =(P55-MEDIAN(P35:P55))/AVEDEV(P35:P55) -> -2.7913461 | T55: E | U55: =AVERAGE(D54,K55,N55,Q55) -> 0.19012286 | V55: =IF(U55-U54>0,IF(U55>=0,"E","R"),IF(U55>=0,"SD","C")) -> SD | W55: =U55-U54 -> -0.015734055 | X55: =IF(OR(ABS($U55-$U54)>$W$1),1,0) -> 0 | Y55: =$U55-$U54 -> -0.015734055 | Z55: =IF(ABS($U55-$U54)>AE55,V55,Z54) -> SD | AA55: =IF(Z55<>V54,U55,AA54) -> 0.42587462 | AB55: =Z55 -> SD | AC55: Quanti | AD55: =ABS(W55) -> 0.015734055 | AE55: =PERCENTILE(AD35:AD55,$Z$1) -> 0.10224162 | AI55: 0 | AK55: =IF(OR($AB55=AK$4,$AB56=AK$4),$U55,NA()) -> 0.19012286 | AL55: =IF(OR($AB55=AL$4,$AB56=AL$4),$U55,NA()) -> 0.19012286 | AM55: =IF(OR($AB55=AM$4,$AB56=AM$4),$U55,NA()) -> #N/A | AN55: =IF(OR($AB55=AN$4,$AB56=AN$4),$U55,NA()) -> #N/A | AO55: =IF(OR($AB55=AO$5,$AB56=AO$5),$BG55,NA()) -> 275.92 | AP55: =IF(OR($AB55=AP$5,$AB56=AP$5),$BG55,NA()) -> 275.92 | AQ55: =IF(OR($AB55=AQ$5,$AB56=AQ$5),$BG55,NA()) -> #N/A | AR55: =IF(OR($AB55=AN$5,$AB56=AN$5),$BG55,NA()) -> #N/A | AT55: =A55 -> 38533 | AU55: =IF($V55="E",4,IF($V55="R",2,IF($V55="SD",3,1))) -> 3 | AV55: =IF($Z55="E",4,IF($Z55="R",2,IF($Z55="SD",3,1))) -> 3 | BG55: {=_xll.BDH($BG$3,"PX_LAST",$A55,$A55,"Days=A","Fill=P")} -> 275.92 | BH55: =BG55/BG54-1 -> 0.032287029 | BI55: =AB55 -> SD | BJ55: =_xlfn.XLOOKUP(BI55,$BP$23:$BP$26,$BQ$23:$BQ$26) -> 0 | BK55: =BJ55*BH56 -> 0 | BL55: =BL54*(1+BK54) -> 106.53516 | BM55: =BM54*(1+BH55) -> 124.02571 | BN55: =BL55/BM55 -> 0.85897643
A56: 38562 | B56: =_xll.BDH(B$2,"PX_LAST",$A56,$A56,"Days=A","Fill=P") -> 99.608 | C56: =$BQ$2*C55 + (1-$BQ$2)*B56 -> 99.687086 | D56: =(C56-AVERAGE(C37:C56))/AVEDEV(C37:C56) -> 1.1234678 | E56: 52.8 | F56: =$BQ$1*F55+(1-$BQ$1)*(E56-50) -> 4.02993 | G56: -0.05 | H56: =$BQ$1*H55+(1-$BQ$1) * MAX(AVERAGE($G$4:$G$256)-3*STDEVA($G$4:$G$256),MIN(G56,AVERAGE($G$4:$G$256)+3*STDEVA($G$4:$G$256))) -> 0.17756468 | I56: {=_xll.BDH(I$2,"PX_LAST",$A56,$A56,"Days=A","Fill=P")} -> 1.332 | J56: =$BQ$3*J55+(1-$BQ$3)*I56 -> 0.40765625 | K56: =(J56-MEDIAN(J37:J56))/AVEDEV(J37:J56) -> 1.9449385 | O56: {=_xll.BDH(O$3,"PX_LAST",$A56,$A56,"Days=A","Fill=P")} -> 65.7 | P56: =$BQ$5*P55+(1-$BQ$5)*O56 -> -7.7413132 | Q56: =(P56-MEDIAN(P36:P56))/AVEDEV(P36:P56) -> -1.8377175 | T56: E | U56: =AVERAGE(D55,K56,N56,Q56) -> 0.45833662 | V56: =IF(U56-U55>0,IF(U56>=0,"E","R"),IF(U56>=0,"SD","C")) -> E | W56: =U56-U55 -> 0.26821376 | X56: =IF(OR(ABS($U56-$U55)>$W$1),1,0) -> 0 | Y56: =$U56-$U55 -> 0.26821376 | Z56: =IF(ABS($U56-$U55)>AE56,V56,Z55) -> E | AA56: =IF(Z56<>V55,U56,AA55) -> 0.45833662 | AB56: =Z56 -> E | AC56: Quanti | AD56: =ABS(W56) -> 0.26821376 | AE56: =PERCENTILE(AD36:AD56,$Z$1) -> 0.10224162 | AI56: 0 | AK56: =IF(OR($AB56=AK$4,$AB57=AK$4),$U56,NA()) -> 0.45833662 | AL56: =IF(OR($AB56=AL$4,$AB57=AL$4),$U56,NA()) -> #N/A | AM56: =IF(OR($AB56=AM$4,$AB57=AM$4),$U56,NA()) -> #N/A | AN56: =IF(OR($AB56=AN$4,$AB57=AN$4),$U56,NA()) -> #N/A | AO56: =IF(OR($AB56=AO$5,$AB57=AO$5),$BG56,NA()) -> 285.03 | AP56: =IF(OR($AB56=AP$5,$AB57=AP$5),$BG56,NA()) -> #N/A | AQ56: =IF(OR($AB56=AQ$5,$AB57=AQ$5),$BG56,NA()) -> #N/A | AR56: =IF(OR($AB56=AN$5,$AB57=AN$5),$BG56,NA()) -> #N/A | AT56: =A56 -> 38562 | AU56: =IF($V56="E",4,IF($V56="R",2,IF($V56="SD",3,1))) -> 4 | AV56: =IF($Z56="E",4,IF($Z56="R",2,IF($Z56="SD",3,1))) -> 4 | BG56: {=_xll.BDH($BG$3,"PX_LAST",$A56,$A56,"Days=A","Fill=P")} -> 285.03 | BH56: =BG56/BG55-1 -> 0.033016816 | BI56: =AB56 -> E | BJ56: =_xlfn.XLOOKUP(BI56,$BP$23:$BP$26,$BQ$23:$BQ$26) -> 1 | BK56: =BJ56*BH57 -> -0.00073676455 | BL56: =BL55*(1+BK55) -> 106.53516 | BM56: =BM55*(1+BH56) -> 128.12065 | BN56: =BL56/BM56 -> 0.83152222
A57: 38595 | B57: =_xll.BDH(B$2,"PX_LAST",$A57,$A57,"Days=A","Fill=P") -> 99.7514 | C57: =$BQ$2*C56 + (1-$BQ$2)*B57 -> 99.690302 | D57: =(C57-AVERAGE(C38:C57))/AVEDEV(C38:C57) -> 1.0734337 | E57: 52.4 | F57: =$BQ$1*F56+(1-$BQ$1)*(E57-50) -> 3.703944 | G57: 0.22 | H57: =$BQ$1*H56+(1-$BQ$1) * MAX(AVERAGE($G$4:$G$256)-3*STDEVA($G$4:$G$256),MIN(G57,AVERAGE($G$4:$G$256)+3*STDEVA($G$4:$G$256))) -> 0.18605175 | I57: {=_xll.BDH(I$2,"PX_LAST",$A57,$A57,"Days=A","Fill=P")} -> 1.2 | J57: =$BQ$3*J56+(1-$BQ$3)*I57 -> 0.44727344 | K57: =(J57-MEDIAN(J38:J57))/AVEDEV(J38:J57) -> 1.903924 | O57: {=_xll.BDH(O$3,"PX_LAST",$A57,$A57,"Days=A","Fill=P")} -> 116.7 | P57: =$BQ$5*P56+(1-$BQ$5)*O57 -> 4.7028181 | Q57: =(P57-MEDIAN(P37:P57))/AVEDEV(P37:P57) -> -0.66032544 | T57: SD | U57: =AVERAGE(D56,K57,N57,Q57) -> 0.78902212 | V57: =IF(U57-U56>0,IF(U57>=0,"E","R"),IF(U57>=0,"SD","C")) -> E | W57: =U57-U56 -> 0.3306855 | X57: =IF(OR(ABS($U57-$U56)>$W$1),1,0) -> 1 | Y57: =$U57-$U56 -> 0.3306855 | Z57: =IF(ABS($U57-$U56)>AE57,V57,Z56) -> E | AA57: =IF(Z57<>V56,U57,AA56) -> 0.45833662 | AB57: =Z57 -> E | AC57: Quanti | AD57: =ABS(W57) -> 0.3306855 | AE57: =PERCENTILE(AD37:AD57,$Z$1) -> 0.10224162 | AI57: 0 | AK57: =IF(OR($AB57=AK$4,$AB58=AK$4),$U57,NA()) -> 0.78902212 | AL57: =IF(OR($AB57=AL$4,$AB58=AL$4),$U57,NA()) -> #N/A | AM57: =IF(OR($AB57=AM$4,$AB58=AM$4),$U57,NA()) -> #N/A | AN57: =IF(OR($AB57=AN$4,$AB58=AN$4),$U57,NA()) -> #N/A | AO57: =IF(OR($AB57=AO$5,$AB58=AO$5),$BG57,NA()) -> 284.82 | AP57: =IF(OR($AB57=AP$5,$AB58=AP$5),$BG57,NA()) -> #N/A | AQ57: =IF(OR($AB57=AQ$5,$AB58=AQ$5),$BG57,NA()) -> #N/A | AR57: =IF(OR($AB57=AN$5,$AB58=AN$5),$BG57,NA()) -> #N/A | AT57: =A57 -> 38595 | AU57: =IF($V57="E",4,IF($V57="R",2,IF($V57="SD",3,1))) -> 4 | AV57: =IF($Z57="E",4,IF($Z57="R",2,IF($Z57="SD",3,1))) -> 4 | BG57: {=_xll.BDH($BG$3,"PX_LAST",$A57,$A57,"Days=A","Fill=P")} -> 284.82 | BH57: =BG57/BG56-1 -> -0.00073676455 | BI57: =AB57 -> E | BJ57: =_xlfn.XLOOKUP(BI57,$BP$23:$BP$26,$BQ$23:$BQ$26) -> 1 | BK57: =BJ57*BH58 -> 0.044168247 | BL57: =BL56*(1+BK56) -> 106.45667 | BM57: =BM56*(1+BH57) -> 128.02625 | BN57: =BL57/BM57 -> 0.83152222
... A180: 42338 | B180: =_xll.BDH(B$2,"PX_LAST",$A180,$A180,"Days=A","Fill=P") -> 100.2031 | C180: =$BQ$2*C179 + (1-$BQ$2)*B180 -> 100.08093 | D180: =(C180-AVERAGE(C161:C180))/AVEDEV(C161:C180) -> 2.3452252 | E180: 49.1 | F180: =$BQ$1*F179+(1-$BQ$1)*(E180-50) -> 0.99253827 | G180: -0.34 | H180: =$BQ$1*H179+(1-$BQ$1) * MAX(AVERAGE($G$4:$G$256)-3*STDEVA($G$4:$G$256),MIN(G180,AVERAGE($G$4:$G$256)+3*STDEVA($G$4:$G$256))) -> -0.16758626 | I180: {=_xll.BDH(I$2,"PX_LAST",$A180,$A180,"Days=A","Fill=P")} -> -0.038 | J180: =$BQ$3*J179+(1-$BQ$3)*I180 -> 0.080599619 | K180: =(J180-MEDIAN(J161:J180))/AVEDEV(J161:J180) -> -0.11252873 | O180: {=_xll.BDH(O$3,"PX_LAST",$A180,$A180,"Days=A","Fill=P")} -> 23.1 | P180: =$BQ$5*P179+(1-$BQ$5)*O180 -> 9.8678096 | Q180: =(P180-MEDIAN(P160:P180))/AVEDEV(P160:P180) -> 1.4375635 | T180: C | U180: =AVERAGE(D179,K180,N180,Q180) -> 1.3019814 | V180: =IF(U180-U179>0,IF(U180>=0,"E","R"),IF(U180>=0,"SD","C")) -> E | W180: =U180-U179 -> 0.0501783 | X180: =IF(OR(ABS($U180-$U179)>$W$1),1,0) -> 0 | Y180: =$U180-$U179 -> 0.0501783 | Z180: =IF(ABS($U180-$U179)>AE180,V180,Z179) -> E | AA180: =IF(Z180<>V179,U180,AA179) -> 0.79892736 | AB180: =Z180 -> E | AC180: Quanti | AD180: =ABS(W180) -> 0.0501783 | AE180: =PERCENTILE(AD160:AD180,$Z$1) -> 0.1136748 | AI180: 0 | AK180: =IF(OR($AB180=AK$4,$AB181=AK$4),$U180,NA()) -> 1.3019814 | AL180: =IF(OR($AB180=AL$4,$AB181=AL$4),$U180,NA()) -> 1.3019814 | AM180: =IF(OR($AB180=AM$4,$AB181=AM$4),$U180,NA()) -> #N/A | AN180: =IF(OR($AB180=AN$4,$AB181=AN$4),$U180,NA()) -> #N/A | AO180: =IF(OR($AB180=AO$5,$AB181=AO$5),$BG180,NA()) -> 385.43 | AP180: =IF(OR($AB180=AP$5,$AB181=AP$5),$BG180,NA()) -> 385.43 | AQ180: =IF(OR($AB180=AQ$5,$AB181=AQ$5),$BG180,NA()) -> #N/A | AR180: =IF(OR($AB180=AN$5,$AB181=AN$5),$BG180,NA()) -> #N/A | AT180: =A180 -> 42338 | AU180: =IF($V180="E",4,IF($V180="R",2,IF($V180="SD",3,1))) -> 4 | AV180: =IF($Z180="E",4,IF($Z180="R",2,IF($Z180="SD",3,1))) -> 4 | BG180: {=_xll.BDH($BG$3,"PX_LAST",$A180,$A180,"Days=A","Fill=P")} -> 385.43 | BH180: =BG180/BG179-1 -> 0.026526753 | BI180: =AB180 -> E | BJ180: =_xlfn.XLOOKUP(BI180,$BP$23:$BP$26,$BQ$23:$BQ$26) -> 1 | BK180: =BJ180*BH181 -> -0.050904185 | BL180: =BL179*(1+BK179) -> 336.35966 | BM180: =BM179*(1+BH180) -> 173.25033 | BN180: =BL180/BM180 -> 1.9414662
A181: 42369 | B181: =_xll.BDH(B$2,"PX_LAST",$A181,$A181,"Days=A","Fill=P") -> 100.1434 | C181: =$BQ$2*C180 + (1-$BQ$2)*B181 -> 100.08405 | D181: =(C181-AVERAGE(C162:C181))/AVEDEV(C162:C181) -> 2.0791076 | E181: 48.7 | F181: =$BQ$1*F180+(1-$BQ$1)*(E181-50) -> 0.53403062 | G181: -0.3 | H181: =$BQ$1*H180+(1-$BQ$1) * MAX(AVERAGE($G$4:$G$256)-3*STDEVA($G$4:$G$256),MIN(G181,AVERAGE($G$4:$G$256)+3*STDEVA($G$4:$G$256))) -> -0.19406901 | I181: {=_xll.BDH(I$2,"PX_LAST",$A181,$A181,"Days=A","Fill=P")} -> -0.203 | J181: =$BQ$3*J180+(1-$BQ$3)*I181 -> 0.066419638 | K181: =(J181-MEDIAN(J162:J181))/AVEDEV(J162:J181) -> -0.37198394 | L181: =_xll.BDH($L$2, "PX_LAST", A181, A181,"Days=A","Fill=P") -> #N/A Invalid Security | M181: =L181 -> #N/A Invalid Security | O181: {=_xll.BDH(O$3,"PX_LAST",$A181,$A181,"Days=A","Fill=P")} -> 15.4 | P181: =$BQ$5*P180+(1-$BQ$5)*O181 -> 10.421029 | Q181: =(P181-MEDIAN(P161:P181))/AVEDEV(P161:P181) -> 1.4592241 | T181: C | U181: =AVERAGE(D180,K181,N181,Q181) -> 1.1441551 | V181: =IF(U181-U180>0,IF(U181>=0,"E","R"),IF(U181>=0,"SD","C")) -> SD | W181: =U181-U180 -> -0.15782627 | X181: =IF(OR(ABS($U181-$U180)>$W$1),1,0) -> 0 | Y181: =$U181-$U180 -> -0.15782627 | Z181: =IF(ABS($U181-$U180)>AE181,V181,Z180) -> SD | AA181: =IF(Z181<>V180,U181,AA180) -> 1.1441551 | AB181: =Z181 -> SD | AC181: Quanti | AD181: =ABS(W181) -> 0.15782627 | AE181: =PERCENTILE(AD161:AD181,$Z$1) -> 0.1136748 | AI181: 0 | AK181: =IF(OR($AB181=AK$4,$AB182=AK$4),$U181,NA()) -> #N/A | AL181: =IF(OR($AB181=AL$4,$AB182=AL$4),$U181,NA()) -> 1.1441551 | AM181: =IF(OR($AB181=AM$4,$AB182=AM$4),$U181,NA()) -> #N/A | AN181: =IF(OR($AB181=AN$4,$AB182=AN$4),$U181,NA()) -> #N/A | AO181: =IF(OR($AB181=AO$5,$AB182=AO$5),$BG181,NA()) -> #N/A | AP181: =IF(OR($AB181=AP$5,$AB182=AP$5),$BG181,NA()) -> 365.81 | AQ181: =IF(OR($AB181=AQ$5,$AB182=AQ$5),$BG181,NA()) -> #N/A | AR181: =IF(OR($AB181=AN$5,$AB182=AN$5),$BG181,NA()) -> #N/A | AT181: =A181 -> 42369 | AU181: =IF($V181="E",4,IF($V181="R",2,IF($V181="SD",3,1))) -> 3 | AV181: =IF($Z181="E",4,IF($Z181="R",2,IF($Z181="SD",3,1))) -> 3 | BG181: {=_xll.BDH($BG$3,"PX_LAST",$A181,$A181,"Days=A","Fill=P")} -> 365.81 | BH181: =BG181/BG180-1 -> -0.050904185 | BI181: =AB181 -> SD | BJ181: =_xlfn.XLOOKUP(BI181,$BP$23:$BP$26,$BQ$23:$BQ$26) -> 0 | BK181: =BJ181*BH182 -> 0 | BL181: =BL180*(1+BK180) -> 319.23754 | BM181: =BM180*(1+BH181) -> 164.43116 | BN181: =BL181/BM181 -> 1.9414662
A182: 42398 | B182: =_xll.BDH(B$2,"PX_LAST",$A182,$A182,"Days=A","Fill=P") -> 100.1434 | C182: =$BQ$2*C181 + (1-$BQ$2)*B182 -> 100.08702 | D182: =(C182-AVERAGE(C163:C182))/AVEDEV(C163:C182) -> 1.8448066 | E182: 47.6 | F182: =$BQ$1*F181+(1-$BQ$1)*(E182-50) -> -0.052775505 | G182: 0.07 | H182: =$BQ$1*H181+(1-$BQ$1) * MAX(AVERAGE($G$4:$G$256)-3*STDEVA($G$4:$G$256),MIN(G182,AVERAGE($G$4:$G$256)+3*STDEVA($G$4:$G$256))) -> -0.14125521 | I182: {=_xll.BDH(I$2,"PX_LAST",$A182,$A182,"Days=A","Fill=P")} -> -0.358 | J182: =$BQ$3*J181+(1-$BQ$3)*I182 -> 0.045198656 | K182: =(J182-MEDIAN(J163:J182))/AVEDEV(J163:J182) -> -0.91183737 | L182: 36.0388 | M182: =L182 -> 36.0388 | O182: {=_xll.BDH(O$3,"PX_LAST",$A182,$A182,"Days=A","Fill=P")} -> -25.1 | P182: =$BQ$5*P181+(1-$BQ$5)*O182 -> 6.8689258 | Q182: =(P182-MEDIAN(P162:P182))/AVEDEV(P162:P182) -> 0.91030351 | T182: R | U182: =AVERAGE(D181,K182,N182,Q182) -> 0.6925246 | V182: =IF(U182-U181>0,IF(U182>=0,"E","R"),IF(U182>=0,"SD","C")) -> SD | W182: =U182-U181 -> -0.45163051 | X182: =IF(OR(ABS($U182-$U181)>$W$1),1,0) -> 1 | Y182: =$U182-$U181 -> -0.45163051 | Z182: =IF(ABS($U182-$U181)>AE182,V182,Z181) -> SD | AA182: =IF(Z182<>V181,U182,AA181) -> 1.1441551 | AB182: =Z182 -> SD | AC182: Quanti | AD182: =ABS(W182) -> 0.45163051 | AE182: =PERCENTILE(AD162:AD182,$Z$1) -> 0.1136748 | AI182: 0 | AK182: =IF(OR($AB182=AK$4,$AB183=AK$4),$U182,NA()) -> #N/A | AL182: =IF(OR($AB182=AL$4,$AB183=AL$4),$U182,NA()) -> 0.6925246 | AM182: =IF(OR($AB182=AM$4,$AB183=AM$4),$U182,NA()) -> 0.6925246 | AN182: =IF(OR($AB182=AN$4,$AB183=AN$4),$U182,NA()) -> #N/A | AO182: =IF(OR($AB182=AO$5,$AB183=AO$5),$BG182,NA()) -> #N/A | AP182: =IF(OR($AB182=AP$5,$AB183=AP$5),$BG182,NA()) -> 342.27 | AQ182: =IF(OR($AB182=AQ$5,$AB183=AQ$5),$BG182,NA()) -> 342.27 | AR182: =IF(OR($AB182=AN$5,$AB183=AN$5),$BG182,NA()) -> #N/A | AT182: =A182 -> 42398 | AU182: =IF($V182="E",4,IF($V182="R",2,IF($V182="SD",3,1))) -> 3 | AV182: =IF($Z182="E",4,IF($Z182="R",2,IF($Z182="SD",3,1))) -> 3 | BG182: {=_xll.BDH($BG$3,"PX_LAST",$A182,$A182,"Days=A","Fill=P")} -> 342.27 | BH182: =BG182/BG181-1 -> -0.064350346 | BI182: =AB182 -> SD | BJ182: =_xlfn.XLOOKUP(BI182,$BP$23:$BP$26,$BQ$23:$BQ$26) -> 0 | BK182: =BJ182*BH183 -> 0 | BL182: =BL181*(1+BK181) -> 319.23754 | BM182: =BM181*(1+BH182) -> 153.84996 | BN182: =BL182/BM182 -> 2.0749927
A183: 42429 | B183: =_xll.BDH(B$2,"PX_LAST",$A183,$A183,"Days=A","Fill=P") -> 100.0103 | C183: =$BQ$2*C182 + (1-$BQ$2)*B183 -> 100.08318 | D183: =(C183-AVERAGE(C164:C183))/AVEDEV(C164:C183) -> 1.5351875 | E183: 49.2 | F183: =$BQ$1*F182+(1-$BQ$1)*(E183-50) -> -0.2022204 | G183: -0.2 | H183: =$BQ$1*H182+(1-$BQ$1) * MAX(AVERAGE($G$4:$G$256)-3*STDEVA($G$4:$G$256),MIN(G183,AVERAGE($G$4:$G$256)+3*STDEVA($G$4:$G$256))) -> -0.15300417 | I183: {=_xll.BDH(I$2,"PX_LAST",$A183,$A183,"Days=A","Fill=P")} -> -0.666 | J183: =$BQ$3*J182+(1-$BQ$3)*I183 -> 0.0096387232 | K183: =(J183-MEDIAN(J164:J183))/AVEDEV(J164:J183) -> -1.9253015 | L183: 25.3385 | M183: =$BQ$4*M182+(1-$BQ$4)*L183 -> 35.503785 | O183: {=_xll.BDH(O$3,"PX_LAST",$A183,$A183,"Days=A","Fill=P")} -> -71.1 | P183: =$BQ$5*P182+(1-$BQ$5)*O183 -> -0.92796681 | Q183: =(P183-MEDIAN(P163:P183))/AVEDEV(P163:P183) -> -0.20390346 | T183: C | U183: =AVERAGE(D182,K183,N183,Q183) -> -0.094799457 | V183: =IF(U183-U182>0,IF(U183>=0,"E","R"),IF(U183>=0,"SD","C")) -> C | W183: =U183-U182 -> -0.78732405 | X183: =IF(OR(ABS($U183-$U182)>$W$1),1,0) -> 1 | Y183: =$U183-$U182 -> -0.78732405 | Z183: =IF(ABS($U183-$U182)>AE183,V183,Z182) -> C | AA183: =IF(Z183<>V182,U183,AA182) -> -0.094799457 | AB183: =Z183 -> C | AC183: Quanti | AD183: =ABS(W183) -> 0.78732405 | AE183: =PERCENTILE(AD163:AD183,$Z$1) -> 0.12336429 | AI183: 0 | AK183: =IF(OR($AB183=AK$4,$AB184=AK$4),$U183,NA()) -> #N/A | AL183: =IF(OR($AB183=AL$4,$AB184=AL$4),$U183,NA()) -> #N/A | AM183: =IF(OR($AB183=AM$4,$AB184=AM$4),$U183,NA()) -> -0.094799457 | AN183: =IF(OR($AB183=AN$4,$AB184=AN$4),$U183,NA()) -> #N/A | AO183: =IF(OR($AB183=AO$5,$AB184=AO$5),$BG183,NA()) -> #N/A | AP183: =IF(OR($AB183=AP$5,$AB184=AP$5),$BG183,NA()) -> #N/A | AQ183: =IF(OR($AB183=AQ$5,$AB184=AQ$5),$BG183,NA()) -> 333.92 | AR183: =IF(OR($AB183=AN$5,$AB184=AN$5),$BG183,NA()) -> #N/A | AT183: =A183 -> 42429 | AU183: =IF($V183="E",4,IF($V183="R",2,IF($V183="SD",3,1))) -> 1 | AV183: =IF($Z183="E",4,IF($Z183="R",2,IF($Z183="SD",3,1))) -> 1 | BG183: {=_xll.BDH($BG$3,"PX_LAST",$A183,$A183,"Days=A","Fill=P")} -> 333.92 | BH183: =BG183/BG182-1 -> -0.024395945 | BI183: =AB183 -> C | BJ183: =_xlfn.XLOOKUP(BI183,$BP$23:$BP$26,$BQ$23:$BQ$26) -> 0 | BK183: =BJ183*BH184 -> 0 | BL183: =BL182*(1+BK182) -> 319.23754 | BM183: =BM182*(1+BH183) -> 150.09664 | BN183: =BL183/BM183 -> 2.12688
A184: 42460 | B184: =_xll.BDH(B$2,"PX_LAST",$A184,$A184,"Days=A","Fill=P") -> 99.9548 | C184: =$BQ$2*C183 + (1-$BQ$2)*B184 -> 100.07676 | D184: =(C184-AVERAGE(C165:C184))/AVEDEV(C165:C184) -> 1.2408102 | E184: 51 | F184: =$BQ$1*F183+(1-$BQ$1)*(E184-50) -> 0.038223677 | G184: -0.35 | H184: =$BQ$1*H183+(1-$BQ$1) * MAX(AVERAGE($G$4:$G$256)-3*STDEVA($G$4:$G$256),MIN(G184,AVERAGE($G$4:$G$256)+3*STDEVA($G$4:$G$256))) -> -0.19240333 | I184: {=_xll.BDH(I$2,"PX_LAST",$A184,$A184,"Days=A","Fill=P")} -> -0.312 | J184: =$BQ$3*J183+(1-$BQ$3)*I184 -> -0.0064432129 | K184: =(J184-MEDIAN(J165:J184))/AVEDEV(J165:J184) -> -2.5253306 | L184: 22.624 | M184: =$BQ$4*M183+(1-$BQ$4)*L184 -> 34.859796 | O184: {=_xll.BDH(O$3,"PX_LAST",$A184,$A184,"Days=A","Fill=P")} -> -22.3 | P184: =$BQ$5*P183+(1-$BQ$5)*O184 -> -3.0651701 | Q184: =(P184-MEDIAN(P164:P184))/AVEDEV(P164:P184) -> -0.51248343 | T184: C | U184: =AVERAGE(D183,K184,N184,Q184) -> -0.5008755 | V184: =IF(U184-U183>0,IF(U184>=0,"E","R"),IF(U184>=0,"SD","C")) -> C | W184: =U184-U183 -> -0.40607604 | X184: =IF(OR(ABS($U184-$U183)>$W$1),1,0) -> 1 | Y184: =$U184-$U183 -> -0.40607604 | Z184: =IF(ABS($U184-$U183)>AE184,V184,Z183) -> C | AA184: =IF(Z184<>V183,U184,AA183) -> -0.094799457 | AB184: =Z184 -> C | AC184: Quanti | AD184: =ABS(W184) -> 0.40607604 | AE184: =PERCENTILE(AD164:AD184,$Z$1) -> 0.1379537 | AI184: 0 | AK184: =IF(OR($AB184=AK$4,$AB185=AK$4),$U184,NA()) -> #N/A | AL184: =IF(OR($AB184=AL$4,$AB185=AL$4),$U184,NA()) -> #N/A | AM184: =IF(OR($AB184=AM$4,$AB185=AM$4),$U184,NA()) -> -0.5008755 | AN184: =IF(OR($AB184=AN$4,$AB185=AN$4),$U184,NA()) -> #N/A | AO184: =IF(OR($AB184=AO$5,$AB185=AO$5),$BG184,NA()) -> #N/A | AP184: =IF(OR($AB184=AP$5,$AB185=AP$5),$BG184,NA()) -> #N/A | AQ184: =IF(OR($AB184=AQ$5,$AB185=AQ$5),$BG184,NA()) -> 337.54 | AR184: =IF(OR($AB184=AN$5,$AB185=AN$5),$BG184,NA()) -> #N/A | AT184: =A184 -> 42460 | AU184: =IF($V184="E",4,IF($V184="R",2,IF($V184="SD",3,1))) -> 1 | AV184: =IF($Z184="E",4,IF($Z184="R",2,IF($Z184="SD",3,1))) -> 1 | BG184: {=_xll.BDH($BG$3,"PX_LAST",$A184,$A184,"Days=A","Fill=P")} -> 337.54 | BH184: =BG184/BG183-1 -> 0.01084092 | BI184: =AB184 -> C | BJ184: =_xlfn.XLOOKUP(BI184,$BP$23:$BP$26,$BQ$23:$BQ$26) -> 0 | BK184: =BJ184*BH185 -> 0 | BL184: =BL183*(1+BK183) -> 319.23754 | BM184: =BM183*(1+BH184) -> 151.72383 | BN184: =BL184/BM184 -> 2.1040699
A185: 42489 | B185: =_xll.BDH(B$2,"PX_LAST",$A185,$A185,"Days=A","Fill=P") -> 99.9548 | C185: =$BQ$2*C184 + (1-$BQ$2)*B185 -> 100.07067 | D185: =(C185-AVERAGE(C166:C185))/AVEDEV(C166:C185) -> 0.99209293 | E185: 51.3 | F185: =$BQ$1*F184+(1-$BQ$1)*(E185-50) -> 0.29057894 | G185: -0.14 | H185: =$BQ$1*H184+(1-$BQ$1) * MAX(AVERAGE($G$4:$G$256)-3*STDEVA($G$4:$G$256),MIN(G185,AVERAGE($G$4:$G$256)+3*STDEVA($G$4:$G$256))) -> -0.18192267 | I185: {=_xll.BDH(I$2,"PX_LAST",$A185,$A185,"Days=A","Fill=P")} -> -0.234 | J185: =$BQ$3*J184+(1-$BQ$3)*I185 -> -0.017821052 | K185: =(J185-MEDIAN(J166:J185))/AVEDEV(J166:J185) -> -2.8328733 | L185: 29.6703 | M185: =$BQ$4*M184+(1-$BQ$4)*L185 -> 34.600321 | O185: {=_xll.BDH(O$3,"PX_LAST",$A185,$A185,"Days=A","Fill=P")} -> -13 | P185: =$BQ$5*P184+(1-$BQ$5)*O185 -> -4.0586531 | Q185: =(P185-MEDIAN(P165:P185))/AVEDEV(P165:P185) -> -0.66382075 | T185: C | U185: =AVERAGE(D184,K185,N185,Q185) -> -0.75196129 | V185: =IF(U185-U184>0,IF(U185>=0,"E","R"),IF(U185>=0,"SD","C")) -> C | W185: =U185-U184 -> -0.25108579 | X185: =IF(OR(ABS($U185-$U184)>$W$1),1,0) -> 0 | Y185: =$U185-$U184 -> -0.25108579 | Z185: =IF(ABS($U185-$U184)>AE185,V185,Z184) -> C | AA185: =IF(Z185<>V184,U185,AA184) -> -0.094799457 | AB185: =Z185 -> C | AC185: Quanti | AD185: =ABS(W185) -> 0.25108579 | AE185: =PERCENTILE(AD165:AD185,$Z$1) -> 0.15782627 | AI185: 0 | AK185: =IF(OR($AB185=AK$4,$AB186=AK$4),$U185,NA()) -> #N/A | AL185: =IF(OR($AB185=AL$4,$AB186=AL$4),$U185,NA()) -> #N/A | AM185: =IF(OR($AB185=AM$4,$AB186=AM$4),$U185,NA()) -> -0.75196129 | AN185: =IF(OR($AB185=AN$4,$AB186=AN$4),$U185,NA()) -> #N/A | AO185: =IF(OR($AB185=AO$5,$AB186=AO$5),$BG185,NA()) -> #N/A | AP185: =IF(OR($AB185=AP$5,$AB186=AP$5),$BG185,NA()) -> #N/A | AQ185: =IF(OR($AB185=AQ$5,$AB186=AQ$5),$BG185,NA()) -> 341.48 | AR185: =IF(OR($AB185=AN$5,$AB186=AN$5),$BG185,NA()) -> #N/A | AT185: =A185 -> 42489 | AU185: =IF($V185="E",4,IF($V185="R",2,IF($V185="SD",3,1))) -> 1 | AV185: =IF($Z185="E",4,IF($Z185="R",2,IF($Z185="SD",3,1))) -> 1 | BG185: {=_xll.BDH($BG$3,"PX_LAST",$A185,$A185,"Days=A","Fill=P")} -> 341.48 | BH185: =BG185/BG184-1 -> 0.011672691 | BI185: =AB185 -> C | BJ185: =_xlfn.XLOOKUP(BI185,$BP$23:$BP$26,$BQ$23:$BQ$26) -> 0 | BK185: =BJ185*BH186 -> 0 | BL185: =BL184*(1+BK184) -> 319.23754 | BM185: =BM184*(1+BH185) -> 153.49485 | BN185: =BL185/BM185 -> 2.0797931
A186: 42521 | B186: =_xll.BDH(B$2,"PX_LAST",$A186,$A186,"Days=A","Fill=P") -> 99.8674 | C186: =$BQ$2*C185 + (1-$BQ$2)*B186 -> 100.0605 | D186: =(C186-AVERAGE(C167:C186))/AVEDEV(C167:C186) -> 0.69189308 | E186: 51.4 | F186: =$BQ$1*F185+(1-$BQ$1)*(E186-50) -> 0.51246315 | G186: -0.31 | H186: =$BQ$1*H185+(1-$BQ$1) * MAX(AVERAGE($G$4:$G$256)-3*STDEVA($G$4:$G$256),MIN(G186,AVERAGE($G$4:$G$256)+3*STDEVA($G$4:$G$256))) -> -0.20753813 | I186: {=_xll.BDH(I$2,"PX_LAST",$A186,$A186,"Days=A","Fill=P")} -> -0.087 | J186: =$BQ$3*J185+(1-$BQ$3)*I186 -> -0.02128 | K186: =(J186-MEDIAN(J167:J186))/AVEDEV(J167:J186) -> -2.7082896 | L186: 27.8548 | M186: =$BQ$4*M185+(1-$BQ$4)*L186 -> 34.263045 | O186: {=_xll.BDH(O$3,"PX_LAST",$A186,$A186,"Days=A","Fill=P")} -> 4.8 | P186: =$BQ$5*P185+(1-$BQ$5)*O186 -> -3.1727878 | Q186: =(P186-MEDIAN(P166:P186))/AVEDEV(P166:P186) -> -0.56369262 | T186: R | U186: =AVERAGE(D185,K186,N186,Q186) -> -0.7599631 | V186: =IF(U186-U185>0,IF(U186>=0,"E","R"),IF(U186>=0,"SD","C")) -> C | W186: =U186-U185 -> -0.0080018074 | X186: =IF(OR(ABS($U186-$U185)>$W$1),1,0) -> 0 | Y186: =$U186-$U185 -> -0.0080018074 | Z186: =IF(ABS($U186-$U185)>AE186,V186,Z185) -> C | AA186: =IF(Z186<>V185,U186,AA185) -> -0.094799457 | AB186: =Z186 -> C | AC186: Quanti | AD186: =ABS(W186) -> 0.0080018074 | AE186: =PERCENTILE(AD166:AD186,$Z$1) -> 0.1379537 | AI186: 0 | AK186: =IF(OR($AB186=AK$4,$AB187=AK$4),$U186,NA()) -> #N/A | AL186: =IF(OR($AB186=AL$4,$AB187=AL$4),$U186,NA()) -> #N/A | AM186: =IF(OR($AB186=AM$4,$AB187=AM$4),$U186,NA()) -> -0.7599631 | AN186: =IF(OR($AB186=AN$4,$AB187=AN$4),$U186,NA()) -> #N/A | AO186: =IF(OR($AB186=AO$5,$AB187=AO$5),$BG186,NA()) -> #N/A | AP186: =IF(OR($AB186=AP$5,$AB187=AP$5),$BG186,NA()) -> #N/A | AQ186: =IF(OR($AB186=AQ$5,$AB187=AQ$5),$BG186,NA()) -> 347.45 | AR186: =IF(OR($AB186=AN$5,$AB187=AN$5),$BG186,NA()) -> #N/A | AT186: =A186 -> 42521 | AU186: =IF($V186="E",4,IF($V186="R",2,IF($V186="SD",3,1))) -> 1 | AV186: =IF($Z186="E",4,IF($Z186="R",2,IF($Z186="SD",3,1))) -> 1 | BG186: {=_xll.BDH($BG$3,"PX_LAST",$A186,$A186,"Days=A","Fill=P")} -> 347.45 | BH186: =BG186/BG185-1 -> 0.017482722 | BI186: =AB186 -> C | BJ186: =_xlfn.XLOOKUP(BI186,$BP$23:$BP$26,$BQ$23:$BQ$26) -> 0 | BK186: =BJ186*BH187 -> 0 | BL186: =BL185*(1+BK185) -> 319.23754 | BM186: =BM185*(1+BH186) -> 156.17836 | BN186: =BL186/BM186 -> 2.0440575
A187: 42551 | B187: =_xll.BDH(B$2,"PX_LAST",$A187,$A187,"Days=A","Fill=P") -> 99.8447 | C187: =$BQ$2*C186 + (1-$BQ$2)*B187 -> 100.04971 | D187: =(C187-AVERAGE(C168:C187))/AVEDEV(C168:C187) -> 0.38556373 | E187: 52.2 | F187: =$BQ$1*F186+(1-$BQ$1)*(E187-50) -> 0.84997052 | G187: 0.11 | H187: =$BQ$1*H186+(1-$BQ$1) * MAX(AVERAGE($G$4:$G$256)-3*STDEVA($G$4:$G$256),MIN(G187,AVERAGE($G$4:$G$256)+3*STDEVA($G$4:$G$256))) -> -0.14403051 | I187: {=_xll.BDH(I$2,"PX_LAST",$A187,$A187,"Days=A","Fill=P")} -> -0.708 | J187: =$BQ$3*J186+(1-$BQ$3)*I187 -> -0.055616 | K187: =(J187-MEDIAN(J168:J187))/AVEDEV(J168:J187) -> -3.0172431 | L187: 8.0915 | M187: =$BQ$4*M186+(1-$BQ$4)*L187 -> 32.954468 | O187: {=_xll.BDH(O$3,"PX_LAST",$A187,$A187,"Days=A","Fill=P")} -> 5 | P187: =$BQ$5*P186+(1-$BQ$5)*O187 -> -2.355509 | Q187: =(P187-MEDIAN(P167:P187))/AVEDEV(P167:P187) -> -0.48089946 | T187: R | U187: =AVERAGE(D186,K187,N187,Q187) -> -0.93541649 | V187: =IF(U187-U186>0,IF(U187>=0,"E","R"),IF(U187>=0,"SD","C")) -> C | W187: =U187-U186 -> -0.17545339 | X187: =IF(OR(ABS($U187-$U186)>$W$1),1,0) -> 0 | Y187: =$U187-$U186 -> -0.17545339 | Z187: =IF(ABS($U187-$U186)>AE187,V187,Z186) -> C | AA187: =IF(Z187<>V186,U187,AA186) -> -0.094799457 | AB187: =Z187 -> C | AC187: Quanti | AD187: =ABS(W187) -> 0.17545339 | AE187: =PERCENTILE(AD167:AD187,$Z$1) -> 0.1379537 | AI187: 0 | AK187: =IF(OR($AB187=AK$4,$AB188=AK$4),$U187,NA()) -> #N/A | AL187: =IF(OR($AB187=AL$4,$AB188=AL$4),$U187,NA()) -> #N/A | AM187: =IF(OR($AB187=AM$4,$AB188=AM$4),$U187,NA()) -> -0.93541649 | AN187: =IF(OR($AB187=AN$4,$AB188=AN$4),$U187,NA()) -> -0.93541649 | AO187: =IF(OR($AB187=AO$5,$AB188=AO$5),$BG187,NA()) -> #N/A | AP187: =IF(OR($AB187=AP$5,$AB188=AP$5),$BG187,NA()) -> #N/A | AQ187: =IF(OR($AB187=AQ$5,$AB188=AQ$5),$BG187,NA()) -> 329.88 | AR187: =IF(OR($AB187=AN$5,$AB188=AN$5),$BG187,NA()) -> #N/A | AT187: =A187 -> 42551 | AU187: =IF($V187="E",4,IF($V187="R",2,IF($V187="SD",3,1))) -> 1 | AV187: =IF($Z187="E",4,IF($Z187="R",2,IF($Z187="SD",3,1))) -> 1 | BG187: {=_xll.BDH($BG$3,"PX_LAST",$A187,$A187,"Days=A","Fill=P")} -> 329.88 | BH187: =BG187/BG186-1 -> -0.050568427 | BI187: =AB187 -> C | BJ187: =_xlfn.XLOOKUP(BI187,$BP$23:$BP$26,$BQ$23:$BQ$26) -> 0 | BK187: =BJ187*BH188 -> 0 | BL187: =BL186*(1+BK186) -> 319.23754 | BM187: =BM186*(1+BH187) -> 148.28067 | BN187: =BL187/BM187 -> 2.1529276
A188: 42580 | B188: =_xll.BDH(B$2,"PX_LAST",$A188,$A188,"Days=A","Fill=P") -> 99.8447 | C188: =$BQ$2*C187 + (1-$BQ$2)*B188 -> 100.03946 | D188: =(C188-AVERAGE(C169:C188))/AVEDEV(C169:C188) -> 0.062938386 | E188: 52.7 | F188: =$BQ$1*F187+(1-$BQ$1)*(E188-50) -> 1.2199764 | G188: 0.04 | H188: =$BQ$1*H187+(1-$BQ$1) * MAX(AVERAGE($G$4:$G$256)-3*STDEVA($G$4:$G$256),MIN(G188,AVERAGE($G$4:$G$256)+3*STDEVA($G$4:$G$256))) -> -0.1072244 | I188: {=_xll.BDH(I$2,"PX_LAST",$A188,$A188,"Days=A","Fill=P")} -> -0.124 | J188: =$BQ$3*J187+(1-$BQ$3)*I188 -> -0.0590352 | K188: =(J188-MEDIAN(J169:J188))/AVEDEV(J169:J188) -> -2.6432526 | L188: 15.8508 | M188: =$BQ$4*M187+(1-$BQ$4)*L188 -> 32.099284 | O188: {=_xll.BDH(O$3,"PX_LAST",$A188,$A188,"Days=A","Fill=P")} -> 28.3 | P188: =$BQ$5*P187+(1-$BQ$5)*O188 -> 0.71004188 | Q188: =(P188-MEDIAN(P168:P188))/AVEDEV(P168:P188) -> 0 | T188: R | U188: =AVERAGE(D187,K188,N188,Q188) -> -0.75256297 | V188: =IF(U188-U187>0,IF(U188>=0,"E","R"),IF(U188>=0,"SD","C")) -> R | W188: =U188-U187 -> 0.18285352 | X188: =IF(OR(ABS($U188-$U187)>$W$1),1,0) -> 0 | Y188: =$U188-$U187 -> 0.18285352 | Z188: =IF(ABS($U188-$U187)>AE188,V188,Z187) -> R | AA188: =IF(Z188<>V187,U188,AA187) -> -0.75256297 | AB188: =Z188 -> R | AC188: Quanti | AD188: =ABS(W188) -> 0.18285352 | AE188: =PERCENTILE(AD168:AD188,$Z$1) -> 0.1379537 | AI188: 0 | AK188: =IF(OR($AB188=AK$4,$AB189=AK$4),$U188,NA()) -> #N/A | AL188: =IF(OR($AB188=AL$4,$AB189=AL$4),$U188,NA()) -> #N/A | AM188: =IF(OR($AB188=AM$4,$AB189=AM$4),$U188,NA()) -> #N/A | AN188: =IF(OR($AB188=AN$4,$AB189=AN$4),$U188,NA()) -> -0.75256297 | AO188: =IF(OR($AB188=AO$5,$AB189=AO$5),$BG188,NA()) -> #N/A | AP188: =IF(OR($AB188=AP$5,$AB189=AP$5),$BG188,NA()) -> #N/A | AQ188: =IF(OR($AB188=AQ$5,$AB189=AQ$5),$BG188,NA()) -> #N/A | AR188: =IF(OR($AB188=AN$5,$AB189=AN$5),$BG188,NA()) -> #N/A | AT188: =A188 -> 42580 | AU188: =IF($V188="E",4,IF($V188="R",2,IF($V188="SD",3,1))) -> 2 | AV188: =IF($Z188="E",4,IF($Z188="R",2,IF($Z188="SD",3,1))) -> 2 | BG188: {=_xll.BDH($BG$3,"PX_LAST",$A188,$A188,"Days=A","Fill=P")} -> 341.89 | BH188: =BG188/BG187-1 -> 0.036407178 | BI188: =AB188 -> R | BJ188: =_xlfn.XLOOKUP(BI188,$BP$23:$BP$26,$BQ$23:$BQ$26) -> 1 | BK188: =BJ188*BH189 -> 0.0047968645 | BL188: =BL187*(1+BK187) -> 319.23754 | BM188: =BM187*(1+BH188) -> 153.67915 | BN188: =BL188/BM188 -> 2.077299
A189: 42613 | B189: =_xll.BDH(B$2,"PX_LAST",$A189,$A189,"Days=A","Fill=P") -> 99.899 | C189: =$BQ$2*C188 + (1-$BQ$2)*B189 -> 100.03244 | D189: =(C189-AVERAGE(C170:C189))/AVEDEV(C170:C189) -> -0.23543265 | E189: 49.8 | F189: =$BQ$1*F188+(1-$BQ$1)*(E189-50) -> 0.93598113 | G189: -0.2 | H189: =$BQ$1*H188+(1-$BQ$1) * MAX(AVERAGE($G$4:$G$256)-3*STDEVA($G$4:$G$256),MIN(G189,AVERAGE($G$4:$G$256)+3*STDEVA($G$4:$G$256))) -> -0.12577952 | I189: {=_xll.BDH(I$2,"PX_LAST",$A189,$A189,"Days=A","Fill=P")} -> -0.077 | J189: =$BQ$3*J188+(1-$BQ$3)*I189 -> -0.05993344 | K189: =(J189-MEDIAN(J170:J189))/AVEDEV(J170:J189) -> -2.3505606 | L189: 24.8915 | M189: =$BQ$4*M188+(1-$BQ$4)*L189 -> 31.738895 | O189: {=_xll.BDH(O$3,"PX_LAST",$A189,$A189,"Days=A","Fill=P")} -> -3.1 | P189: =$BQ$5*P188+(1-$BQ$5)*O189 -> 0.32903769 | Q189: =(P189-MEDIAN(P169:P189))/AVEDEV(P169:P189) -> -0.087045786 | T189: E | U189: =AVERAGE(D188,K189,N189,Q189) -> -0.79155599 | V189: =IF(U189-U188>0,IF(U189>=0,"E","R"),IF(U189>=0,"SD","C")) -> C | W189: =U189-U188 -> -0.038993018 | X189: =IF(OR(ABS($U189-$U188)>$W$1),1,0) -> 0 | Y189: =$U189-$U188 -> -0.038993018 | Z189: =IF(ABS($U189-$U188)>AE189,V189,Z188) -> R | AA189: =IF(Z189<>V188,U189,AA188) -> -0.75256297 | AB189: =Z189 -> R | AC189: Quanti | AD189: =ABS(W189) -> 0.038993018 | AE189: =PERCENTILE(AD169:AD189,$Z$1) -> 0.1379537 | AI189: 0 | AK189: =IF(OR($AB189=AK$4,$AB190=AK$4),$U189,NA()) -> #N/A | AL189: =IF(OR($AB189=AL$4,$AB190=AL$4),$U189,NA()) -> #N/A | AM189: =IF(OR($AB189=AM$4,$AB190=AM$4),$U189,NA()) -> #N/A | AN189: =IF(OR($AB189=AN$4,$AB190=AN$4),$U189,NA()) -> -0.79155599 | AO189: =IF(OR($AB189=AO$5,$AB190=AO$5),$BG189,NA()) -> #N/A | AP189: =IF(OR($AB189=AP$5,$AB190=AP$5),$BG189,NA()) -> #N/A | AQ189: =IF(OR($AB189=AQ$5,$AB190=AQ$5),$BG189,NA()) -> #N/A | AR189: =IF(OR($AB189=AN$5,$AB190=AN$5),$BG189,NA()) -> #N/A | AT189: =A189 -> 42613 | AU189: =IF($V189="E",4,IF($V189="R",2,IF($V189="SD",3,1))) -> 1 | AV189: =IF($Z189="E",4,IF($Z189="R",2,IF($Z189="SD",3,1))) -> 2 | BG189: {=_xll.BDH($BG$3,"PX_LAST",$A189,$A189,"Days=A","Fill=P")} -> 343.53 | BH189: =BG189/BG188-1 -> 0.0047968645 | BI189: =AB189 -> R | BJ189: =_xlfn.XLOOKUP(BI189,$BP$23:$BP$26,$BQ$23:$BQ$26) -> 1 | BK189: =BJ189*BH190 -> -0.0017756819 | BL189: =BL188*(1+BK188) -> 320.76888 | BM189: =BM188*(1+BH189) -> 154.41633 | BN189: =BL189/BM189 -> 2.077299
A190: 42643 | B190: =_xll.BDH(B$2,"PX_LAST",$A190,$A190,"Days=A","Fill=P") -> 99.9941 | C190: =$BQ$2*C189 + (1-$BQ$2)*B190 -> 100.03052 | D190: =(C190-AVERAGE(C171:C190))/AVEDEV(C171:C190) -> -0.44337626 | E190: 51.1 | F190: =$BQ$1*F189+(1-$BQ$1)*(E190-50) -> 0.96878491 | G190: -0.14 | H190: =$BQ$1*H189+(1-$BQ$1) * MAX(AVERAGE($G$4:$G$256)-3*STDEVA($G$4:$G$256),MIN(G190,AVERAGE($G$4:$G$256)+3*STDEVA($G$4:$G$256))) -> -0.12862362 | I190: {=_xll.BDH(I$2,"PX_LAST",$A190,$A190,"Days=A","Fill=P")} -> -0.111 | J190: =$BQ$3*J189+(1-$BQ$3)*I190 -> -0.062486768 | K190: =(J190-MEDIAN(J171:J190))/AVEDEV(J171:J190) -> -2.0778823 | L190: 31.6077 | M190: =$BQ$4*M189+(1-$BQ$4)*L190 -> 31.732335 | O190: {=_xll.BDH(O$3,"PX_LAST",$A190,$A190,"Days=A","Fill=P")} -> 2.6 | P190: =$BQ$5*P189+(1-$BQ$5)*O190 -> 0.55613392 | Q190: =(P190-MEDIAN(P170:P190))/AVEDEV(P170:P190) -> -0.041093931 | T190: E | U190: =AVERAGE(D189,K190,N190,Q190) -> -0.78480296 | V190: =IF(U190-U189>0,IF(U190>=0,"E","R"),IF(U190>=0,"SD","C")) -> R | W190: =U190-U189 -> 0.0067530264 | X190: =IF(OR(ABS($U190-$U189)>$W$1),1,0) -> 0 | Y190: =$U190-$U189 -> 0.0067530264 | Z190: =IF(ABS($U190-$U189)>AE190,V190,Z189) -> R | AA190: =IF(Z190<>V189,U190,AA189) -> -0.78480296 | AB190: =Z190 -> R | AC190: Quanti | AD190: =ABS(W190) -> 0.0067530264 | AE190: =PERCENTILE(AD170:AD190,$Z$1) -> 0.1136748 | AI190: 0 | AK190: =IF(OR($AB190=AK$4,$AB191=AK$4),$U190,NA()) -> #N/A | AL190: =IF(OR($AB190=AL$4,$AB191=AL$4),$U190,NA()) -> #N/A | AM190: =IF(OR($AB190=AM$4,$AB191=AM$4),$U190,NA()) -> #N/A | AN190: =IF(OR($AB190=AN$4,$AB191=AN$4),$U190,NA()) -> -0.78480296 | AO190: =IF(OR($AB190=AO$5,$AB191=AO$5),$BG190,NA()) -> #N/A | AP190: =IF(OR($AB190=AP$5,$AB191=AP$5),$BG190,NA()) -> #N/A | AQ190: =IF(OR($AB190=AQ$5,$AB191=AQ$5),$BG190,NA()) -> #N/A | AR190: =IF(OR($AB190=AN$5,$AB191=AN$5),$BG190,NA()) -> #N/A | AT190: =A190 -> 42643 | AU190: =IF($V190="E",4,IF($V190="R",2,IF($V190="SD",3,1))) -> 2 | AV190: =IF($Z190="E",4,IF($Z190="R",2,IF($Z190="SD",3,1))) -> 2 | BG190: {=_xll.BDH($BG$3,"PX_LAST",$A190,$A190,"Days=A","Fill=P")} -> 342.92 | BH190: =BG190/BG189-1 -> -0.0017756819 | BI190: =AB190 -> R | BJ190: =_xlfn.XLOOKUP(BI190,$BP$23:$BP$26,$BQ$23:$BQ$26) -> 1 | BK190: =BJ190*BH191 -> -0.011518722 | BL190: =BL189*(1+BK189) -> 320.1993 | BM190: =BM189*(1+BH190) -> 154.14213 | BN190: =BL190/BM190 -> 2.077299
A191: 42674 | B191: =_xll.BDH(B$2,"PX_LAST",$A191,$A191,"Days=A","Fill=P") -> 100.1144 | C191: =$BQ$2*C190 + (1-$BQ$2)*B191 -> 100.03472 | D191: =(C191-AVERAGE(C172:C191))/AVEDEV(C172:C191) -> -0.48915441 | E191: 51.8 | F191: =$BQ$1*F190+(1-$BQ$1)*(E191-50) -> 1.1350279 | G191: -0.03 | H191: =$BQ$1*H190+(1-$BQ$1) * MAX(AVERAGE($G$4:$G$256)-3*STDEVA($G$4:$G$256),MIN(G191,AVERAGE($G$4:$G$256)+3*STDEVA($G$4:$G$256))) -> -0.1088989 | I191: {=_xll.BDH(I$2,"PX_LAST",$A191,$A191,"Days=A","Fill=P")} -> -0.079 | J191: =$BQ$3*J190+(1-$BQ$3)*I191 -> -0.063312429 | K191: =(J191-MEDIAN(J172:J191))/AVEDEV(J172:J191) -> -1.750056 | L191: 48.5853 | M191: =$BQ$4*M190+(1-$BQ$4)*L191 -> 32.574984 | O191: {=_xll.BDH(O$3,"PX_LAST",$A191,$A191,"Days=A","Fill=P")} -> 40.8 | P191: =$BQ$5*P190+(1-$BQ$5)*O191 -> 4.5805205 | Q191: =(P191-MEDIAN(P171:P191))/AVEDEV(P171:P191) -> 1.0035488 | T191: C | U191: =AVERAGE(D190,K191,N191,Q191) -> -0.39662783 | V191: =IF(U191-U190>0,IF(U191>=0,"E","R"),IF(U191>=0,"SD","C")) -> R | W191: =U191-U190 -> 0.38817513 | X191: =IF(OR(ABS($U191-$U190)>$W$1),1,0) -> 1 | Y191: =$U191-$U190 -> 0.38817513 | Z191: =IF(ABS($U191-$U190)>AE191,V191,Z190) -> R | AA191: =IF(Z191<>V190,U191,AA190) -> -0.78480296 | AB191: =Z191 -> R | AC191: Quanti | AD191: =ABS(W191) -> 0.38817513 | AE191: =PERCENTILE(AD171:AD191,$Z$1) -> 0.15782627 | AI191: 0 | AK191: =IF(OR($AB191=AK$4,$AB192=AK$4),$U191,NA()) -> -0.39662783 | AL191: =IF(OR($AB191=AL$4,$AB192=AL$4),$U191,NA()) -> #N/A | AM191: =IF(OR($AB191=AM$4,$AB192=AM$4),$U191,NA()) -> #N/A | AN191: =IF(OR($AB191=AN$4,$AB192=AN$4),$U191,NA()) -> -0.39662783 | AO191: =IF(OR($AB191=AO$5,$AB192=AO$5),$BG191,NA()) -> 338.97 | AP191: =IF(OR($AB191=AP$5,$AB192=AP$5),$BG191,NA()) -> #N/A | AQ191: =IF(OR($AB191=AQ$5,$AB192=AQ$5),$BG191,NA()) -> #N/A | AR191: =IF(OR($AB191=AN$5,$AB192=AN$5),$BG191,NA()) -> #N/A | AT191: =A191 -> 42674 | AU191: =IF($V191="E",4,IF($V191="R",2,IF($V191="SD",3,1))) -> 2 | AV191: =IF($Z191="E",4,IF($Z191="R",2,IF($Z191="SD",3,1))) -> 2 | BG191: {=_xll.BDH($BG$3,"PX_LAST",$A191,$A191,"Days=A","Fill=P")} -> 338.97 | BH191: =BG191/BG190-1 -> -0.011518722 | BI191: =AB191 -> R | BJ191: =_xlfn.XLOOKUP(BI191,$BP$23:$BP$26,$BQ$23:$BQ$26) -> 1 | BK191: =BJ191*BH192 -> 0.008909343 | BL191: =BL190*(1+BK190) -> 316.51101 | BM191: =BM190*(1+BH191) -> 152.36661 | BN191: =BL191/BM191 -> 2.077299
A192: 42704 | B192: =_xll.BDH(B$2,"PX_LAST",$A192,$A192,"Days=A","Fill=P") -> 100.2476 | C192: =$BQ$2*C191 + (1-$BQ$2)*B192 -> 100.04536 | D192: =(C192-AVERAGE(C173:C192))/AVEDEV(C173:C192) -> -0.25349817 | E192: 53.2 | F192: =$BQ$1*F191+(1-$BQ$1)*(E192-50) -> 1.5480223 | G192: -0.21 | H192: =$BQ$1*H191+(1-$BQ$1) * MAX(AVERAGE($G$4:$G$256)-3*STDEVA($G$4:$G$256),MIN(G192,AVERAGE($G$4:$G$256)+3*STDEVA($G$4:$G$256))) -> -0.12911912 | I192: {=_xll.BDH(I$2,"PX_LAST",$A192,$A192,"Days=A","Fill=P")} -> -0.11 | J192: =$BQ$3*J191+(1-$BQ$3)*I192 -> -0.065646808 | K192: =(J192-MEDIAN(J173:J192))/AVEDEV(J173:J192) -> -1.3482826 | L192: 49.7018 | M192: =$BQ$4*M191+(1-$BQ$4)*L192 -> 33.431324 | O192: {=_xll.BDH(O$3,"PX_LAST",$A192,$A192,"Days=A","Fill=P")} -> 56.9 | P192: =$BQ$5*P191+(1-$BQ$5)*O192 -> 9.8124685 | Q192: =(P192-MEDIAN(P172:P192))/AVEDEV(P172:P192) -> 2.3846317 | T192: E | U192: =AVERAGE(D191,K192,N192,Q192) -> 0.18239821 | V192: =IF(U192-U191>0,IF(U192>=0,"E","R"),IF(U192>=0,"SD","C")) -> E | W192: =U192-U191 -> 0.57902605 | X192: =IF(OR(ABS($U192-$U191)>$W$1),1,0) -> 1 | Y192: =$U192-$U191 -> 0.57902605 | Z192: =IF(ABS($U192-$U191)>AE192,V192,Z191) -> E | AA192: =IF(Z192<>V191,U192,AA191) -> 0.18239821 | AB192: =Z192 -> E | AC192: Quanti | AD192: =ABS(W192) -> 0.57902605 | AE192: =PERCENTILE(AD172:AD192,$Z$1) -> 0.15782627 | AI192: 0 | AK192: =IF(OR($AB192=AK$4,$AB193=AK$4),$U192,NA()) -> 0.18239821 | AL192: =IF(OR($AB192=AL$4,$AB193=AL$4),$U192,NA()) -> #N/A | AM192: =IF(OR($AB192=AM$4,$AB193=AM$4),$U192,NA()) -> #N/A | AN192: =IF(OR($AB192=AN$4,$AB193=AN$4),$U192,NA()) -> #N/A | AO192: =IF(OR($AB192=AO$5,$AB193=AO$5),$BG192,NA()) -> 341.99 | AP192: =IF(OR($AB192=AP$5,$AB193=AP$5),$BG192,NA()) -> #N/A | AQ192: =IF(OR($AB192=AQ$5,$AB193=AQ$5),$BG192,NA()) -> #N/A | AR192: =IF(OR($AB192=AN$5,$AB193=AN$5),$BG192,NA()) -> #N/A | AT192: =A192 -> 42704 | AU192: =IF($V192="E",4,IF($V192="R",2,IF($V192="SD",3,1))) -> 4 | AV192: =IF($Z192="E",4,IF($Z192="R",2,IF($Z192="SD",3,1))) -> 4 | BG192: {=_xll.BDH($BG$3,"PX_LAST",$A192,$A192,"Days=A","Fill=P")} -> 341.99 | BH192: =BG192/BG191-1 -> 0.008909343 | BI192: =AB192 -> E | BJ192: =_xlfn.XLOOKUP(BI192,$BP$23:$BP$26,$BQ$23:$BQ$26) -> 1 | BK192: =BJ192*BH193 -> 0.056814527 | BL192: =BL191*(1+BK191) -> 319.33092 | BM192: =BM191*(1+BH192) -> 153.7241 | BN192: =BL192/BM192 -> 2.077299
A193: 42734 | B193: =_xll.BDH(B$2,"PX_LAST",$A193,$A193,"Days=A","Fill=P") -> 100.2476 | C193: =$BQ$2*C192 + (1-$BQ$2)*B193 -> 100.05547 | D193: =(C193-AVERAGE(C174:C193))/AVEDEV(C174:C193) -> 0.061746572 | E193: 54.4 | F193: =$BQ$1*F192+(1-$BQ$1)*(E193-50) -> 2.1184179 | G193: 0.35 | H193: =$BQ$1*H192+(1-$BQ$1) * MAX(AVERAGE($G$4:$G$256)-3*STDEVA($G$4:$G$256),MIN(G193,AVERAGE($G$4:$G$256)+3*STDEVA($G$4:$G$256))) -> -0.033295293 | I193: {=_xll.BDH(I$2,"PX_LAST",$A193,$A193,"Days=A","Fill=P")} -> -0.136 | J193: =$BQ$3*J192+(1-$BQ$3)*I193 -> -0.069164467 | K193: =(J193-MEDIAN(J174:J193))/AVEDEV(J174:J193) -> -1.0408033 | L193: 70.731 | M193: =$BQ$4*M192+(1-$BQ$4)*L193 -> 35.296308 | O193: {=_xll.BDH(O$3,"PX_LAST",$A193,$A193,"Days=A","Fill=P")} -> 53.1 | P193: =$BQ$5*P192+(1-$BQ$5)*O193 -> 14.141222 | Q193: =(P193-MEDIAN(P173:P193))/AVEDEV(P173:P193) -> 3.0535591 | T193: E | U193: =AVERAGE(D192,K193,N193,Q193) -> 0.5864192 | V193: =IF(U193-U192>0,IF(U193>=0,"E","R"),IF(U193>=0,"SD","C")) -> E | W193: =U193-U192 -> 0.40402099 | X193: =IF(OR(ABS($U193-$U192)>$W$1),1,0) -> 1 | Y193: =$U193-$U192 -> 0.40402099 | Z193: =IF(ABS($U193-$U192)>AE193,V193,Z192) -> E | AA193: =IF(Z193<>V192,U193,AA192) -> 0.18239821 | AB193: =Z193 -> E | AC193: Quanti | AD193: =ABS(W193) -> 0.40402099 | AE193: =PERCENTILE(AD173:AD193,$Z$1) -> 0.15782627 | AI193: 0 | AK193: =IF(OR($AB193=AK$4,$AB194=AK$4),$U193,NA()) -> 0.5864192 | AL193: =IF(OR($AB193=AL$4,$AB194=AL$4),$U193,NA()) -> #N/A | AM193: =IF(OR($AB193=AM$4,$AB194=AM$4),$U193,NA()) -> #N/A | AN193: =IF(OR($AB193=AN$4,$AB194=AN$4),$U193,NA()) -> #N/A | AO193: =IF(OR($AB193=AO$5,$AB194=AO$5),$BG193,NA()) -> 361.42 | AP193: =IF(OR($AB193=AP$5,$AB194=AP$5),$BG193,NA()) -> #N/A | AQ193: =IF(OR($AB193=AQ$5,$AB194=AQ$5),$BG193,NA()) -> #N/A | AR193: =IF(OR($AB193=AN$5,$AB194=AN$5),$BG193,NA()) -> #N/A | AT193: =A193 -> 42734 | AU193: =IF($V193="E",4,IF($V193="R",2,IF($V193="SD",3,1))) -> 4 | AV193: =IF($Z193="E",4,IF($Z193="R",2,IF($Z193="SD",3,1))) -> 4 | BG193: {=_xll.BDH($BG$3,"PX_LAST",$A193,$A193,"Days=A","Fill=P")} -> 361.42 | BH193: =BG193/BG192-1 -> 0.056814527 | BI193: =AB193 -> E | BJ193: =_xlfn.XLOOKUP(BI193,$BP$23:$BP$26,$BQ$23:$BQ$26) -> 1 | BK193: =BJ193*BH194 -> -0.0035969232 | BL193: =BL192*(1+BK192) -> 337.47355 | BM193: =BM192*(1+BH193) -> 162.45786 | BN193: =BL193/BM193 -> 2.077299
A194: 42766 | B194: =_xll.BDH(B$2,"PX_LAST",$A194,$A194,"Days=A","Fill=P") -> 100.5304 | C194: =$BQ$2*C193 + (1-$BQ$2)*B194 -> 100.07922 | D194: =(C194-AVERAGE(C175:C194))/AVEDEV(C175:C194) -> 1.1770959 | E194: 55.7 | F194: =$BQ$1*F193+(1-$BQ$1)*(E194-50) -> 2.8347343 | G194: -0.22 | H194: =$BQ$1*H193+(1-$BQ$1) * MAX(AVERAGE($G$4:$G$256)-3*STDEVA($G$4:$G$256),MIN(G194,AVERAGE($G$4:$G$256)+3*STDEVA($G$4:$G$256))) -> -0.070636234 | I194: {=_xll.BDH(I$2,"PX_LAST",$A194,$A194,"Days=A","Fill=P")} -> 0.232 | J194: =$BQ$3*J193+(1-$BQ$3)*I194 -> -0.054106244 | K194: =(J194-MEDIAN(J175:J194))/AVEDEV(J175:J194) -> -0.65196519 | L194: 61.9635 | M194: =$BQ$4*M193+(1-$BQ$4)*L194 -> 36.629668 | O194: {=_xll.BDH(O$3,"PX_LAST",$A194,$A194,"Days=A","Fill=P")} -> 55.3 | P194: =$BQ$5*P193+(1-$BQ$5)*O194 -> 18.257099 | Q194: =(P194-MEDIAN(P174:P194))/AVEDEV(P174:P194) -> 3.3796763 | T194: E | U194: =AVERAGE(D193,K194,N194,Q194) -> 0.92981923 | V194: =IF(U194-U193>0,IF(U194>=0,"E","R"),IF(U194>=0,"SD","C")) -> E | W194: =U194-U193 -> 0.34340003 | X194: =IF(OR(ABS($U194-$U193)>$W$1),1,0) -> 1 | Y194: =$U194-$U193 -> 0.34340003 | Z194: =IF(ABS($U194-$U193)>AE194,V194,Z193) -> E | AA194: =IF(Z194<>V193,U194,AA193) -> 0.18239821 | AB194: =Z194 -> E | AC194: Quanti | AD194: =ABS(W194) -> 0.34340003 | AE194: =PERCENTILE(AD174:AD194,$Z$1) -> 0.17545339 | AI194: 0 | AK194: =IF(OR($AB194=AK$4,$AB195=AK$4),$U194,NA()) -> 0.92981923 | AL194: =IF(OR($AB194=AL$4,$AB195=AL$4),$U194,NA()) -> #N/A | AM194: =IF(OR($AB194=AM$4,$AB195=AM$4),$U194,NA()) -> #N/A | AN194: =IF(OR($AB194=AN$4,$AB195=AN$4),$U194,NA()) -> #N/A | AO194: =IF(OR($AB194=AO$5,$AB195=AO$5),$BG194,NA()) -> 360.12 | AP194: =IF(OR($AB194=AP$5,$AB195=AP$5),$BG194,NA()) -> #N/A | AQ194: =IF(OR($AB194=AQ$5,$AB195=AQ$5),$BG194,NA()) -> #N/A | AR194: =IF(OR($AB194=AN$5,$AB195=AN$5),$BG194,NA()) -> #N/A | AT194: =A194 -> 42766 | AU194: =IF($V194="E",4,IF($V194="R",2,IF($V194="SD",3,1))) -> 4 | AV194: =IF($Z194="E",4,IF($Z194="R",2,IF($Z194="SD",3,1))) -> 4 | BG194: {=_xll.BDH($BG$3,"PX_LAST",$A194,$A194,"Days=A","Fill=P")} -> 360.12 | BH194: =BG194/BG193-1 -> -0.0035969232 | BI194: =AB194 -> E | BJ194: =_xlfn.XLOOKUP(BI194,$BP$23:$BP$26,$BQ$23:$BQ$26) -> 1 | BK194: =BJ194*BH195 -> 0.028101744 | BL194: =BL193*(1+BK193) -> 336.25969 | BM194: =BM193*(1+BH194) -> 161.87351 | BN194: =BL194/BM194 -> 2.077299
... A199: 42916 | B199: =_xll.BDH(B$2,"PX_LAST",$A199,$A199,"Days=A","Fill=P") -> 101.0768 | C199: =$BQ$2*C198 + (1-$BQ$2)*B199 -> 100.25761 | D199: =(C199-AVERAGE(C180:C199))/AVEDEV(C180:C199) -> 3.7599812 | E199: 56.2 | F199: =$BQ$1*F198+(1-$BQ$1)*(E199-50) -> 5.2316697 | G199: 0.12 | H199: =$BQ$1*H198+(1-$BQ$1) * MAX(AVERAGE($G$4:$G$256)-3*STDEVA($G$4:$G$256),MIN(G199,AVERAGE($G$4:$G$256)+3*STDEVA($G$4:$G$256))) -> 0.039151519 | I199: {=_xll.BDH(I$2,"PX_LAST",$A199,$A199,"Days=A","Fill=P")} -> 0.063 | J199: =$BQ$3*J198+(1-$BQ$3)*I199 -> -0.027305099 | K199: =(J199-MEDIAN(J180:J199))/AVEDEV(J180:J199) -> 0.39384804 | L199: 73.4005 | M199: =$BQ$4*M198+(1-$BQ$4)*L199 -> 44.516018 | O199: {=_xll.BDH(O$3,"PX_LAST",$A199,$A199,"Days=A","Fill=P")} -> 30.3 | P199: =$BQ$5*P198+(1-$BQ$5)*O199 -> 31.775796 | Q199: =(P199-MEDIAN(P179:P199))/AVEDEV(P179:P199) -> 2.3229427 | T199: E | U199: =AVERAGE(D198,K199,N199,Q199) -> 2.2730768 | V199: =IF(U199-U198>0,IF(U199>=0,"E","R"),IF(U199>=0,"SD","C")) -> SD | W199: =U199-U198 -> -0.044071015 | X199: =IF(OR(ABS($U199-$U198)>$W$1),1,0) -> 0 | Y199: =$U199-$U198 -> -0.044071015 | Z199: =IF(ABS($U199-$U198)>AE199,V199,Z198) -> E | AA199: =IF(Z199<>V198,U199,AA198) -> 0.18239821 | AB199: =Z199 -> E | AC199: Quanti | AD199: =ABS(W199) -> 0.044071015 | AE199: =PERCENTILE(AD179:AD199,$Z$1) -> 0.18285352 | AI199: 0 | AK199: =IF(OR($AB199=AK$4,$AB200=AK$4),$U199,NA()) -> 2.2730768 | AL199: =IF(OR($AB199=AL$4,$AB200=AL$4),$U199,NA()) -> #N/A | AM199: =IF(OR($AB199=AM$4,$AB200=AM$4),$U199,NA()) -> #N/A | AN199: =IF(OR($AB199=AN$4,$AB200=AN$4),$U199,NA()) -> #N/A | AO199: =IF(OR($AB199=AO$5,$AB200=AO$5),$BG199,NA()) -> 379.37 | AP199: =IF(OR($AB199=AP$5,$AB200=AP$5),$BG199,NA()) -> #N/A | AQ199: =IF(OR($AB199=AQ$5,$AB200=AQ$5),$BG199,NA()) -> #N/A | AR199: =IF(OR($AB199=AN$5,$AB200=AN$5),$BG199,NA()) -> #N/A | AT199: =A199 -> 42916 | AU199: =IF($V199="E",4,IF($V199="R",2,IF($V199="SD",3,1))) -> 3 | AV199: =IF($Z199="E",4,IF($Z199="R",2,IF($Z199="SD",3,1))) -> 4 | BG199: {=_xll.BDH($BG$3,"PX_LAST",$A199,$A199,"Days=A","Fill=P")} -> 379.37 | BH199: =BG199/BG198-1 -> -0.027231467 | BI199: =AB199 -> E | BJ199: =_xlfn.XLOOKUP(BI199,$BP$23:$BP$26,$BQ$23:$BQ$26) -> 1 | BK199: =BJ199*BH200 -> -0.0040066426 | BL199: =BL198*(1+BK198) -> 354.23425 | BM199: =BM198*(1+BH199) -> 170.52636 | BN199: =BL199/BM199 -> 2.077299
A200: 42947 | B200: =_xll.BDH(B$2,"PX_LAST",$A200,$A200,"Days=A","Fill=P") -> 101.1666 | C200: =$BQ$2*C199 + (1-$BQ$2)*B200 -> 100.30306 | D200: =(C200-AVERAGE(C181:C200))/AVEDEV(C181:C200) -> 3.41164 | E200: 56.5 | F200: =$BQ$1*F199+(1-$BQ$1)*(E200-50) -> 5.4853358 | G200: -0.1 | H200: =$BQ$1*H199+(1-$BQ$1) * MAX(AVERAGE($G$4:$G$256)-3*STDEVA($G$4:$G$256),MIN(G200,AVERAGE($G$4:$G$256)+3*STDEVA($G$4:$G$256))) -> 0.011321215 | I200: {=_xll.BDH(I$2,"PX_LAST",$A200,$A200,"Days=A","Fill=P")} -> 0.427 | J200: =$BQ$3*J199+(1-$BQ$3)*I200 -> -0.0045898441 | K200: =(J200-MEDIAN(J181:J200))/AVEDEV(J181:J200) -> 1.2514469 | L200: 71.1965 | M200: =$BQ$4*M199+(1-$BQ$4)*L200 -> 45.850042 | O200: {=_xll.BDH(O$3,"PX_LAST",$A200,$A200,"Days=A","Fill=P")} -> 19.1 | P200: =$BQ$5*P199+(1-$BQ$5)*O200 -> 30.508216 | Q200: =(P200-MEDIAN(P180:P200))/AVEDEV(P180:P200) -> 1.8519813 | T200: E | U200: =AVERAGE(D199,K200,N200,Q200) -> 2.2878031 | V200: =IF(U200-U199>0,IF(U200>=0,"E","R"),IF(U200>=0,"SD","C")) -> E | W200: =U200-U199 -> 0.014726293 | X200: =IF(OR(ABS($U200-$U199)>$W$1),1,0) -> 0 | Y200: =$U200-$U199 -> 0.014726293 | Z200: =IF(ABS($U200-$U199)>AE200,V200,Z199) -> E | AA200: =IF(Z200<>V199,U200,AA199) -> 2.2878031 | AB200: =Z200 -> E | AC200: Quanti | AD200: =ABS(W200) -> 0.014726293 | AE200: =PERCENTILE(AD180:AD200,$Z$1) -> 0.17545339 | AI200: 0 | AK200: =IF(OR($AB200=AK$4,$AB201=AK$4),$U200,NA()) -> 2.2878031 | AL200: =IF(OR($AB200=AL$4,$AB201=AL$4),$U200,NA()) -> #N/A | AM200: =IF(OR($AB200=AM$4,$AB201=AM$4),$U200,NA()) -> #N/A | AN200: =IF(OR($AB200=AN$4,$AB201=AN$4),$U200,NA()) -> #N/A | AO200: =IF(OR($AB200=AO$5,$AB201=AO$5),$BG200,NA()) -> 377.85 | AP200: =IF(OR($AB200=AP$5,$AB201=AP$5),$BG200,NA()) -> #N/A | AQ200: =IF(OR($AB200=AQ$5,$AB201=AQ$5),$BG200,NA()) -> #N/A | AR200: =IF(OR($AB200=AN$5,$AB201=AN$5),$BG200,NA()) -> #N/A | AT200: =A200 -> 42947 | AU200: =IF($V200="E",4,IF($V200="R",2,IF($V200="SD",3,1))) -> 4 | AV200: =IF($Z200="E",4,IF($Z200="R",2,IF($Z200="SD",3,1))) -> 4 | BG200: {=_xll.BDH($BG$3,"PX_LAST",$A200,$A200,"Days=A","Fill=P")} -> 377.85 | BH200: =BG200/BG199-1 -> -0.0040066426 | BI200: =AB200 -> E | BJ200: =_xlfn.XLOOKUP(BI200,$BP$23:$BP$26,$BQ$23:$BQ$26) -> 1 | BK200: =BJ200*BH201 -> -0.010506815 | BL200: 100 | BM200: 100 | BN200: =BL200/BM200 -> 1
A201: 42978 | B201: =_xll.BDH(B$2,"PX_LAST",$A201,$A201,"Days=A","Fill=P") -> 101.251 | C201: =$BQ$2*C200 + (1-$BQ$2)*B201 -> 100.35045 | D201: =(C201-AVERAGE(C182:C201))/AVEDEV(C182:C201) -> 3.1295615 | E201: 58.4 | F201: =$BQ$1*F200+(1-$BQ$1)*(E201-50) -> 6.0682686 | G201: -0.04 | H201: =$BQ$1*H200+(1-$BQ$1) * MAX(AVERAGE($G$4:$G$256)-3*STDEVA($G$4:$G$256),MIN(G201,AVERAGE($G$4:$G$256)+3*STDEVA($G$4:$G$256))) -> 0.001056972 | I201: {=_xll.BDH(I$2,"PX_LAST",$A201,$A201,"Days=A","Fill=P")} -> 0.243 | J201: =$BQ$3*J200+(1-$BQ$3)*I201 -> 0.0077896481 | K201: =(J201-MEDIAN(J182:J201))/AVEDEV(J182:J201) -> 1.90199 | L201: 54.5332 | M201: =$BQ$4*M200+(1-$BQ$4)*L201 -> 46.2842 | O201: {=_xll.BDH(O$3,"PX_LAST",$A201,$A201,"Days=A","Fill=P")} -> 28 | P201: =$BQ$5*P200+(1-$BQ$5)*O201 -> 30.257394 | Q201: =(P201-MEDIAN(P181:P201))/AVEDEV(P181:P201) -> 1.6829673 | T201: E | U201: =AVERAGE(D200,K201,N201,Q201) -> 2.3321991 | V201: =IF(U201-U200>0,IF(U201>=0,"E","R"),IF(U201>=0,"SD","C")) -> E | W201: =U201-U200 -> 0.044395993 | X201: =IF(OR(ABS($U201-$U200)>$W$1),1,0) -> 0 | Y201: =$U201-$U200 -> 0.044395993 | Z201: =IF(ABS($U201-$U200)>AE201,V201,Z200) -> E | AA201: =IF(Z201<>V200,U201,AA200) -> 2.2878031 | AB201: =Z201 -> E | AC201: Quanti | AD201: =ABS(W201) -> 0.044395993 | AE201: =PERCENTILE(AD181:AD201,$Z$1) -> 0.17545339 | AI201: 0 | AK201: =IF(OR($AB201=AK$4,$AB202=AK$4),$U201,NA()) -> 2.3321991 | AL201: =IF(OR($AB201=AL$4,$AB202=AL$4),$U201,NA()) -> #N/A | AM201: =IF(OR($AB201=AM$4,$AB202=AM$4),$U201,NA()) -> #N/A | AN201: =IF(OR($AB201=AN$4,$AB202=AN$4),$U201,NA()) -> #N/A | AO201: =IF(OR($AB201=AO$5,$AB202=AO$5),$BG201,NA()) -> 373.88 | AP201: =IF(OR($AB201=AP$5,$AB202=AP$5),$BG201,NA()) -> #N/A | AQ201: =IF(OR($AB201=AQ$5,$AB202=AQ$5),$BG201,NA()) -> #N/A | AR201: =IF(OR($AB201=AN$5,$AB202=AN$5),$BG201,NA()) -> #N/A | AT201: =A201 -> 42978 | AU201: =IF($V201="E",4,IF($V201="R",2,IF($V201="SD",3,1))) -> 4 | AV201: =IF($Z201="E",4,IF($Z201="R",2,IF($Z201="SD",3,1))) -> 4 | BG201: {=_xll.BDH($BG$3,"PX_LAST",$A201,$A201,"Days=A","Fill=P")} -> 373.88 | BH201: =BG201/BG200-1 -> -0.010506815 | BI201: =AB201 -> E | BJ201: =_xlfn.XLOOKUP(BI201,$BP$23:$BP$26,$BQ$23:$BQ$26) -> 1 | BK201: =BJ201*BH202 -> 0.038194073 | BL201: =BL200*(1+BK200) -> 98.949319 | BM201: =BM200*(1+BH201) -> 98.949319 | BN201: =BL201/BM201 -> 1
A202: 43007 | B202: =_xll.BDH(B$2,"PX_LAST",$A202,$A202,"Days=A","Fill=P") -> 101.251 | C202: =$BQ$2*C201 + (1-$BQ$2)*B202 -> 100.39548 | D202: =(C202-AVERAGE(C183:C202))/AVEDEV(C183:C202) -> 2.8653474 | E202: 60 | F202: =$BQ$1*F201+(1-$BQ$1)*(E202-50) -> 6.8546149 | G202: 0.15 | H202: =$BQ$1*H201+(1-$BQ$1) * MAX(AVERAGE($G$4:$G$256)-3*STDEVA($G$4:$G$256),MIN(G202,AVERAGE($G$4:$G$256)+3*STDEVA($G$4:$G$256))) -> 0.030845578 | I202: {=_xll.BDH(I$2,"PX_LAST",$A202,$A202,"Days=A","Fill=P")} -> 0.45 | J202: =$BQ$3*J201+(1-$BQ$3)*I202 -> 0.029900166 | K202: =(J202-MEDIAN(J183:J202))/AVEDEV(J183:J202) -> 2.8631931 | L202: 62.306 | M202: =$BQ$4*M201+(1-$BQ$4)*L202 -> 47.08529 | N202: =(M202-MEDIAN(M182:M202))/AVEDEV(M182:M202) -> 2.6714802 | O202: {=_xll.BDH(O$3,"PX_LAST",$A202,$A202,"Days=A","Fill=P")} -> 50.2 | P202: =$BQ$5*P201+(1-$BQ$5)*O202 -> 32.251655 | Q202: =(P202-MEDIAN(P182:P202))/AVEDEV(P182:P202) -> 1.71803 | T202: E | U202: =AVERAGE(D201,K202,N202,Q202) -> 2.5955662 | V202: =IF(U202-U201>0,IF(U202>=0,"E","R"),IF(U202>=0,"SD","C")) -> E | W202: =U202-U201 -> 0.26336706 | X202: =IF(OR(ABS($U202-$U201)>$W$1),1,0) -> 0 | Y202: =$U202-$U201 -> 0.26336706 | Z202: =IF(ABS($U202-$U201)>AE202,V202,Z201) -> E | AA202: =IF(Z202<>V201,U202,AA201) -> 2.2878031 | AB202: =Z202 -> E | AC202: Quanti | AD202: =ABS(W202) -> 0.26336706 | AE202: =PERCENTILE(AD182:AD202,$Z$1) -> 0.18285352 | AI202: 0 | AK202: =IF(OR($AB202=AK$4,$AB203=AK$4),$U202,NA()) -> 2.5955662 | AL202: =IF(OR($AB202=AL$4,$AB203=AL$4),$U202,NA()) -> #N/A | AM202: =IF(OR($AB202=AM$4,$AB203=AM$4),$U202,NA()) -> #N/A | AN202: =IF(OR($AB202=AN$4,$AB203=AN$4),$U202,NA()) -> #N/A | AO202: =IF(OR($AB202=AO$5,$AB203=AO$5),$BG202,NA()) -> 388.16 | AP202: =IF(OR($AB202=AP$5,$AB203=AP$5),$BG202,NA()) -> #N/A | AQ202: =IF(OR($AB202=AQ$5,$AB203=AQ$5),$BG202,NA()) -> #N/A | AR202: =IF(OR($AB202=AN$5,$AB203=AN$5),$BG202,NA()) -> #N/A | AT202: =A202 -> 43007 | AU202: =IF($V202="E",4,IF($V202="R",2,IF($V202="SD",3,1))) -> 4 | AV202: =IF($Z202="E",4,IF($Z202="R",2,IF($Z202="SD",3,1))) -> 4 | BG202: {=_xll.BDH($BG$3,"PX_LAST",$A202,$A202,"Days=A","Fill=P")} -> 388.16 | BH202: =BG202/BG201-1 -> 0.038194073 | BI202: =AB202 -> E | BJ202: =_xlfn.XLOOKUP(BI202,$BP$23:$BP$26,$BQ$23:$BQ$26) -> 1 | BK202: =BJ202*BH203 -> 0.018188376 | BL202: =BL201*(1+BK201) -> 102.7286 | BM202: =BM201*(1+BH202) -> 102.7286 | BN202: =BL202/BM202 -> 1
A203: 43039 | B203: =_xll.BDH(B$2,"PX_LAST",$A203,$A203,"Days=A","Fill=P") -> 101.364 | C203: =$BQ$2*C202 + (1-$BQ$2)*B203 -> 100.44391 | D203: =(C203-AVERAGE(C184:C203))/AVEDEV(C184:C203) -> 2.6844161 | E203: 58.6 | F203: =$BQ$1*F202+(1-$BQ$1)*(E203-50) -> 7.2036919 | G203: 0.5 | H203: =$BQ$1*H202+(1-$BQ$1) * MAX(AVERAGE($G$4:$G$256)-3*STDEVA($G$4:$G$256),MIN(G203,AVERAGE($G$4:$G$256)+3*STDEVA($G$4:$G$256))) -> 0.12467646 | I203: {=_xll.BDH(I$2,"PX_LAST",$A203,$A203,"Days=A","Fill=P")} -> 0.279 | J203: =$BQ$3*J202+(1-$BQ$3)*I203 -> 0.042355157 | K203: =(J203-MEDIAN(J184:J203))/AVEDEV(J184:J203) -> 3.1391163 | L203: 59.6809 | M203: =$BQ$4*M202+(1-$BQ$4)*L203 -> 47.715071 | N203: =(M203-MEDIAN(M183:M203))/AVEDEV(M183:M203) -> 2.524446 | O203: {=_xll.BDH(O$3,"PX_LAST",$A203,$A203,"Days=A","Fill=P")} -> 59 | P203: =$BQ$5*P202+(1-$BQ$5)*O203 -> 34.92649 | Q203: =(P203-MEDIAN(P183:P203))/AVEDEV(P183:P203) -> 1.509669 | T203: E | U203: =AVERAGE(D202,K203,N203,Q203) -> 2.5096447 | V203: =IF(U203-U202>0,IF(U203>=0,"E","R"),IF(U203>=0,"SD","C")) -> SD | W203: =U203-U202 -> -0.085921479 | X203: =IF(OR(ABS($U203-$U202)>$W$1),1,0) -> 0 | Y203: =$U203-$U202 -> -0.085921479 | Z203: =IF(ABS($U203-$U202)>AE203,V203,Z202) -> E | AA203: =IF(Z203<>V202,U203,AA202) -> 2.2878031 | AB203: =Z203 -> E | AC203: Quanti | AD203: =ABS(W203) -> 0.085921479 | AE203: =PERCENTILE(AD183:AD203,$Z$1) -> 0.17545339 | AI203: 0 | AK203: =IF(OR($AB203=AK$4,$AB204=AK$4),$U203,NA()) -> 2.5096447 | AL203: =IF(OR($AB203=AL$4,$AB204=AL$4),$U203,NA()) -> 2.5096447 | AM203: =IF(OR($AB203=AM$4,$AB204=AM$4),$U203,NA()) -> #N/A | AN203: =IF(OR($AB203=AN$4,$AB204=AN$4),$U203,NA()) -> #N/A | AO203: =IF(OR($AB203=AO$5,$AB204=AO$5),$BG203,NA()) -> 395.22 | AP203: =IF(OR($AB203=AP$5,$AB204=AP$5),$BG203,NA()) -> 395.22 | AQ203: =IF(OR($AB203=AQ$5,$AB204=AQ$5),$BG203,NA()) -> #N/A | AR203: =IF(OR($AB203=AN$5,$AB204=AN$5),$BG203,NA()) -> #N/A | AT203: =A203 -> 43039 | AU203: =IF($V203="E",4,IF($V203="R",2,IF($V203="SD",3,1))) -> 3 | AV203: =IF($Z203="E",4,IF($Z203="R",2,IF($Z203="SD",3,1))) -> 4 | BG203: {=_xll.BDH($BG$3,"PX_LAST",$A203,$A203,"Days=A","Fill=P")} -> 395.22 | BH203: =BG203/BG202-1 -> 0.018188376 | BI203: =AB203 -> E | BJ203: =_xlfn.XLOOKUP(BI203,$BP$23:$BP$26,$BQ$23:$BQ$26) -> 1 | BK203: =BJ203*BH204 -> -0.021582916 | BL203: =BL202*(1+BK202) -> 104.59706 | BM203: =BM202*(1+BH203) -> 104.59706 | BN203: =BL203/BM203 -> 1
A204: 43069 | B204: =_xll.BDH(B$2,"PX_LAST",$A204,$A204,"Days=A","Fill=P") -> 101.3742 | C204: =$BQ$2*C203 + (1-$BQ$2)*B204 -> 100.49042 | D204: =(C204-AVERAGE(C185:C204))/AVEDEV(C185:C204) -> 2.5153275 | E204: 57.6 | F204: =$BQ$1*F203+(1-$BQ$1)*(E204-50) -> 7.2829535 | G204: 0.24 | H204: =$BQ$1*H203+(1-$BQ$1) * MAX(AVERAGE($G$4:$G$256)-3*STDEVA($G$4:$G$256),MIN(G204,AVERAGE($G$4:$G$256)+3*STDEVA($G$4:$G$256))) -> 0.14774117 | I204: {=_xll.BDH(I$2,"PX_LAST",$A204,$A204,"Days=A","Fill=P")} -> -0.042 | J204: =$BQ$3*J203+(1-$BQ$3)*I204 -> 0.0381374 | K204: =(J204-MEDIAN(J185:J204))/AVEDEV(J185:J204) -> 2.7120538 | L204: 48.9688 | M204: =$BQ$4*M203+(1-$BQ$4)*L204 -> 47.777757 | N204: =(M204-MEDIAN(M184:M204))/AVEDEV(M184:M204) -> 2.1177987 | O204: {=_xll.BDH(O$3,"PX_LAST",$A204,$A204,"Days=A","Fill=P")} -> 71.3 | P204: =$BQ$5*P203+(1-$BQ$5)*O204 -> 38.563841 | Q204: =(P204-MEDIAN(P184:P204))/AVEDEV(P184:P204) -> 1.4426705 | T204: E | U204: =AVERAGE(D203,K204,N204,Q204) -> 2.2392348 | V204: =IF(U204-U203>0,IF(U204>=0,"E","R"),IF(U204>=0,"SD","C")) -> SD | W204: =U204-U203 -> -0.27040993 | X204: =IF(OR(ABS($U204-$U203)>$W$1),1,0) -> 0 | Y204: =$U204-$U203 -> -0.27040993 | Z204: =IF(ABS($U204-$U203)>AE204,V204,Z203) -> SD | AA204: =IF(Z204<>V203,U204,AA203) -> 2.2878031 | AB204: =Z204 -> SD | AC204: Quanti | AD204: =ABS(W204) -> 0.27040993 | AE204: =PERCENTILE(AD184:AD204,$Z$1) -> 0.17545339 | AI204: 0 | AK204: =IF(OR($AB204=AK$4,$AB205=AK$4),$U204,NA()) -> #N/A | AL204: =IF(OR($AB204=AL$4,$AB205=AL$4),$U204,NA()) -> 2.2392348 | AM204: =IF(OR($AB204=AM$4,$AB205=AM$4),$U204,NA()) -> #N/A | AN204: =IF(OR($AB204=AN$4,$AB205=AN$4),$U204,NA()) -> #N/A | AO204: =IF(OR($AB204=AO$5,$AB205=AO$5),$BG204,NA()) -> #N/A | AP204: =IF(OR($AB204=AP$5,$AB205=AP$5),$BG204,NA()) -> 386.69 | AQ204: =IF(OR($AB204=AQ$5,$AB205=AQ$5),$BG204,NA()) -> #N/A | AR204: =IF(OR($AB204=AN$5,$AB205=AN$5),$BG204,NA()) -> #N/A | AT204: =A204 -> 43069 | AU204: =IF($V204="E",4,IF($V204="R",2,IF($V204="SD",3,1))) -> 3 | AV204: =IF($Z204="E",4,IF($Z204="R",2,IF($Z204="SD",3,1))) -> 3 | BG204: {=_xll.BDH($BG$3,"PX_LAST",$A204,$A204,"Days=A","Fill=P")} -> 386.69 | BH204: =BG204/BG203-1 -> -0.021582916 | BI204: =AB204 -> SD | BJ204: =_xlfn.XLOOKUP(BI204,$BP$23:$BP$26,$BQ$23:$BQ$26) -> 0 | BK204: =BJ204*BH205 -> 0 | BL204: =BL203*(1+BK203) -> 102.33955 | BM204: =BM203*(1+BH204) -> 102.33955 | BN204: =BL204/BM204 -> 1
A205: 43098 | B205: =_xll.BDH(B$2,"PX_LAST",$A205,$A205,"Days=A","Fill=P") -> 101.3742 | C205: =$BQ$2*C204 + (1-$BQ$2)*B205 -> 100.53461 | D205: =(C205-AVERAGE(C186:C205))/AVEDEV(C186:C205) -> 2.3568552 | E205: 59.7 | F205: =$BQ$1*F204+(1-$BQ$1)*(E205-50) -> 7.7663628 | G205: 0.15 | H205: =$BQ$1*H204+(1-$BQ$1) * MAX(AVERAGE($G$4:$G$256)-3*STDEVA($G$4:$G$256),MIN(G205,AVERAGE($G$4:$G$256)+3*STDEVA($G$4:$G$256))) -> 0.14819294 | I205: {=_xll.BDH(I$2,"PX_LAST",$A205,$A205,"Days=A","Fill=P")} -> 0.3 | J205: =$BQ$3*J204+(1-$BQ$3)*I205 -> 0.05123053 | K205: =(J205-MEDIAN(J186:J205))/AVEDEV(J186:J205) -> 2.765396 | L205: 37.7334 | M205: =$BQ$4*M204+(1-$BQ$4)*L205 -> 47.275539 | N205: =(M205-MEDIAN(M185:M205))/AVEDEV(M185:M205) -> 1.6794539 | O205: {=_xll.BDH(O$3,"PX_LAST",$A205,$A205,"Days=A","Fill=P")} -> 49.3 | P205: =$BQ$5*P204+(1-$BQ$5)*O205 -> 39.637457 | Q205: =(P205-MEDIAN(P185:P205))/AVEDEV(P185:P205) -> 1.151221 | T205: E | U205: =AVERAGE(D204,K205,N205,Q205) -> 2.0278496 | V205: =IF(U205-U204>0,IF(U205>=0,"E","R"),IF(U205>=0,"SD","C")) -> SD | W205: =U205-U204 -> -0.21138516 | X205: =IF(OR(ABS($U205-$U204)>$W$1),1,0) -> 0 | Y205: =$U205-$U204 -> -0.21138516 | Z205: =IF(ABS($U205-$U204)>AE205,V205,Z204) -> SD | AA205: =IF(Z205<>V204,U205,AA204) -> 2.2878031 | AB205: =Z205 -> SD | AC205: Quanti | AD205: =ABS(W205) -> 0.21138516 | AE205: =PERCENTILE(AD185:AD205,$Z$1) -> 0.17545339 | AI205: 0 | AK205: =IF(OR($AB205=AK$4,$AB206=AK$4),$U205,NA()) -> #N/A | AL205: =IF(OR($AB205=AL$4,$AB206=AL$4),$U205,NA()) -> 2.0278496 | AM205: =IF(OR($AB205=AM$4,$AB206=AM$4),$U205,NA()) -> #N/A | AN205: =IF(OR($AB205=AN$4,$AB206=AN$4),$U205,NA()) -> #N/A | AO205: =IF(OR($AB205=AO$5,$AB206=AO$5),$BG205,NA()) -> #N/A | AP205: =IF(OR($AB205=AP$5,$AB206=AP$5),$BG205,NA()) -> 389.18 | AQ205: =IF(OR($AB205=AQ$5,$AB206=AQ$5),$BG205,NA()) -> #N/A | AR205: =IF(OR($AB205=AN$5,$AB206=AN$5),$BG205,NA()) -> #N/A | AT205: =A205 -> 43098 | AU205: =IF($V205="E",4,IF($V205="R",2,IF($V205="SD",3,1))) -> 3 | AV205: =IF($Z205="E",4,IF($Z205="R",2,IF($Z205="SD",3,1))) -> 3 | BG205: {=_xll.BDH($BG$3,"PX_LAST",$A205,$A205,"Days=A","Fill=P")} -> 389.18 | BH205: =BG205/BG204-1 -> 0.0064392666 | BI205: =AB205 -> SD | BJ205: =_xlfn.XLOOKUP(BI205,$BP$23:$BP$26,$BQ$23:$BQ$26) -> 0 | BK205: =BJ205*BH206 -> 0 | BL205: =BL204*(1+BK204) -> 102.33955 | BM205: =BM204*(1+BH205) -> 102.99854 | BN205: =BL205/BM205 -> 0.99360193
A206: 43131 | B206: =_xll.BDH(B$2,"PX_LAST",$A206,$A206,"Days=A","Fill=P") -> 101.2868 | C206: =$BQ$2*C205 + (1-$BQ$2)*B206 -> 100.57222 | D206: =(C206-AVERAGE(C187:C206))/AVEDEV(C187:C206) -> 2.2071583 | E206: 59.4 | F206: =$BQ$1*F205+(1-$BQ$1)*(E206-50) -> 8.0930903 | G206: -0.23 | H206: =$BQ$1*H205+(1-$BQ$1) * MAX(AVERAGE($G$4:$G$256)-3*STDEVA($G$4:$G$256),MIN(G206,AVERAGE($G$4:$G$256)+3*STDEVA($G$4:$G$256))) -> 0.072554349 | I206: {=_xll.BDH(I$2,"PX_LAST",$A206,$A206,"Days=A","Fill=P")} -> 0.501 | J206: =$BQ$3*J205+(1-$BQ$3)*I206 -> 0.073719003 | K206: =(J206-MEDIAN(J187:J206))/AVEDEV(J187:J206) -> 2.9026654 | L206: 30.9984 | M206: =$BQ$4*M205+(1-$BQ$4)*L206 -> 46.461682 | N206: =(M206-MEDIAN(M186:M206))/AVEDEV(M186:M206) -> 1.2318833 | O206: {=_xll.BDH(O$3,"PX_LAST",$A206,$A206,"Days=A","Fill=P")} -> 35.6 | P206: =$BQ$5*P205+(1-$BQ$5)*O206 -> 39.233711 | Q206: =(P206-MEDIAN(P186:P206))/AVEDEV(P186:P206) -> 0.92952477 | T206: SD | U206: =AVERAGE(D205,K206,N206,Q206) -> 1.8552322 | V206: =IF(U206-U205>0,IF(U206>=0,"E","R"),IF(U206>=0,"SD","C")) -> SD | W206: =U206-U205 -> -0.17261744 | X206: =IF(OR(ABS($U206-$U205)>$W$1),1,0) -> 0 | Y206: =$U206-$U205 -> -0.17261744 | Z206: =IF(ABS($U206-$U205)>AE206,V206,Z205) -> SD | AA206: =IF(Z206<>V205,U206,AA205) -> 2.2878031 | AB206: =Z206 -> SD | AC206: Quanti | AD206: =ABS(W206) -> 0.17261744 | AE206: =PERCENTILE(AD186:AD206,$Z$1) -> 0.17261744 | AI206: 0 | AK206: =IF(OR($AB206=AK$4,$AB207=AK$4),$U206,NA()) -> #N/A | AL206: =IF(OR($AB206=AL$4,$AB207=AL$4),$U206,NA()) -> 1.8552322 | AM206: =IF(OR($AB206=AM$4,$AB207=AM$4),$U206,NA()) -> #N/A | AN206: =IF(OR($AB206=AN$4,$AB207=AN$4),$U206,NA()) -> #N/A | AO206: =IF(OR($AB206=AO$5,$AB207=AO$5),$BG206,NA()) -> #N/A | AP206: =IF(OR($AB206=AP$5,$AB207=AP$5),$BG206,NA()) -> 395.46 | AQ206: =IF(OR($AB206=AQ$5,$AB207=AQ$5),$BG206,NA()) -> #N/A | AR206: =IF(OR($AB206=AN$5,$AB207=AN$5),$BG206,NA()) -> #N/A | AT206: =A206 -> 43131 | AU206: =IF($V206="E",4,IF($V206="R",2,IF($V206="SD",3,1))) -> 3 | AV206: =IF($Z206="E",4,IF($Z206="R",2,IF($Z206="SD",3,1))) -> 3 | BG206: {=_xll.BDH($BG$3,"PX_LAST",$A206,$A206,"Days=A","Fill=P")} -> 395.46 | BH206: =BG206/BG205-1 -> 0.016136492 | BI206: =AB206 -> SD | BJ206: =_xlfn.XLOOKUP(BI206,$BP$23:$BP$26,$BQ$23:$BQ$26) -> 0 | BK206: =BJ206*BH207 -> 0 | BL206: =BL205*(1+BK205) -> 102.33955 | BM206: =BM205*(1+BH206) -> 104.66058 | BN206: =BL206/BM206 -> 0.97782329
A207: 43159 | B207: =_xll.BDH(B$2,"PX_LAST",$A207,$A207,"Days=A","Fill=P") -> 101.1937 | C207: =$BQ$2*C206 + (1-$BQ$2)*B207 -> 100.60329 | D207: =(C207-AVERAGE(C188:C207))/AVEDEV(C188:C207) -> 2.0537668 | E207: 60.9 | F207: =$BQ$1*F206+(1-$BQ$1)*(E207-50) -> 8.6544722 | G207: 0.42 | H207: =$BQ$1*H206+(1-$BQ$1) * MAX(AVERAGE($G$4:$G$256)-3*STDEVA($G$4:$G$256),MIN(G207,AVERAGE($G$4:$G$256)+3*STDEVA($G$4:$G$256))) -> 0.14204348 | I207: {=_xll.BDH(I$2,"PX_LAST",$A207,$A207,"Days=A","Fill=P")} -> 0.158 | J207: =$BQ$3*J206+(1-$BQ$3)*I207 -> 0.077933053 | K207: =(J207-MEDIAN(J188:J207))/AVEDEV(J188:J207) -> 2.5654916 | L207: 12.8705 | M207: =$BQ$4*M206+(1-$BQ$4)*L207 -> 44.782123 | N207: =(M207-MEDIAN(M187:M207))/AVEDEV(M187:M207) -> 0.65139381 | O207: {=_xll.BDH(O$3,"PX_LAST",$A207,$A207,"Days=A","Fill=P")} -> 2.4 | P207: =$BQ$5*P206+(1-$BQ$5)*O207 -> 35.55034 | Q207: =(P207-MEDIAN(P187:P207))/AVEDEV(P187:P207) -> 0.41567877 | T207: SD | U207: =AVERAGE(D206,K207,N207,Q207) -> 1.4599306 | V207: =IF(U207-U206>0,IF(U207>=0,"E","R"),IF(U207>=0,"SD","C")) -> SD | W207: =U207-U206 -> -0.39530153 | X207: =IF(OR(ABS($U207-$U206)>$W$1),1,0) -> 1 | Y207: =$U207-$U206 -> -0.39530153 | Z207: =IF(ABS($U207-$U206)>AE207,V207,Z206) -> SD | AA207: =IF(Z207<>V206,U207,AA206) -> 2.2878031 | AB207: =Z207 -> SD | AC207: Quanti | AD207: =ABS(W207) -> 0.39530153 | AE207: =PERCENTILE(AD187:AD207,$Z$1) -> 0.17545339 | AI207: 0 | AK207: =IF(OR($AB207=AK$4,$AB208=AK$4),$U207,NA()) -> #N/A | AL207: =IF(OR($AB207=AL$4,$AB208=AL$4),$U207,NA()) -> 1.4599306 | AM207: =IF(OR($AB207=AM$4,$AB208=AM$4),$U207,NA()) -> #N/A | AN207: =IF(OR($AB207=AN$4,$AB208=AN$4),$U207,NA()) -> #N/A | AO207: =IF(OR($AB207=AO$5,$AB208=AO$5),$BG207,NA()) -> #N/A | AP207: =IF(OR($AB207=AP$5,$AB208=AP$5),$BG207,NA()) -> 379.63 | AQ207: =IF(OR($AB207=AQ$5,$AB208=AQ$5),$BG207,NA()) -> #N/A | AR207: =IF(OR($AB207=AN$5,$AB208=AN$5),$BG207,NA()) -> #N/A | AT207: =A207 -> 43159 | AU207: =IF($V207="E",4,IF($V207="R",2,IF($V207="SD",3,1))) -> 3 | AV207: =IF($Z207="E",4,IF($Z207="R",2,IF($Z207="SD",3,1))) -> 3 | BG207: {=_xll.BDH($BG$3,"PX_LAST",$A207,$A207,"Days=A","Fill=P")} -> 379.63 | BH207: =BG207/BG206-1 -> -0.040029333 | BI207: =AB207 -> SD | BJ207: =_xlfn.XLOOKUP(BI207,$BP$23:$BP$26,$BQ$23:$BQ$26) -> 0 | BK207: =BJ207*BH208 -> 0 | BL207: =BL206*(1+BK206) -> 102.33955 | BM207: =BM206*(1+BH207) -> 100.47109 | BN207: =BL207/BM207 -> 1.0185971
A208: 43189 | B208: =_xll.BDH(B$2,"PX_LAST",$A208,$A208,"Days=A","Fill=P") -> 101.1937 | C208: =$BQ$2*C207 + (1-$BQ$2)*B208 -> 100.63281 | D208: =(C208-AVERAGE(C189:C208))/AVEDEV(C189:C208) -> 1.9329208 | E208: 58.8 | F208: =$BQ$1*F207+(1-$BQ$1)*(E208-50) -> 8.6835778 | G208: 0.17 | H208: =$BQ$1*H207+(1-$BQ$1) * MAX(AVERAGE($G$4:$G$256)-3*STDEVA($G$4:$G$256),MIN(G208,AVERAGE($G$4:$G$256)+3*STDEVA($G$4:$G$256))) -> 0.14763478 | I208: {=_xll.BDH(I$2,"PX_LAST",$A208,$A208,"Days=A","Fill=P")} -> -0.073 | J208: =$BQ$3*J207+(1-$BQ$3)*I208 -> 0.0703864 | K208: =(J208-MEDIAN(J189:J208))/AVEDEV(J189:J208) -> 2.1347092 | L208: 6.9545 | M208: =$BQ$4*M207+(1-$BQ$4)*L208 -> 42.890742 | N208: =(M208-MEDIAN(M188:M208))/AVEDEV(M188:M208) -> 0 | O208: {=_xll.BDH(O$3,"PX_LAST",$A208,$A208,"Days=A","Fill=P")} -> -56.8 | P208: =$BQ$5*P207+(1-$BQ$5)*O208 -> 26.315306 | Q208: =(P208-MEDIAN(P188:P208))/AVEDEV(P188:P208) -> -0.3486384 | T208: SD | U208: =AVERAGE(D207,K208,N208,Q208) -> 0.95995939 | V208: =IF(U208-U207>0,IF(U208>=0,"E","R"),IF(U208>=0,"SD","C")) -> SD | W208: =U208-U207 -> -0.49997124 | X208: =IF(OR(ABS($U208-$U207)>$W$1),1,0) -> 1 | Y208: =$U208-$U207 -> -0.49997124 | Z208: =IF(ABS($U208-$U207)>AE208,V208,Z207) -> SD | AA208: =IF(Z208<>V207,U208,AA207) -> 2.2878031 | AB208: =Z208 -> SD | AC208: Quanti | AD208: =ABS(W208) -> 0.49997124 | AE208: =PERCENTILE(AD188:AD208,$Z$1) -> 0.18285352 | AI208: 0 | AK208: =IF(OR($AB208=AK$4,$AB209=AK$4),$U208,NA()) -> #N/A | AL208: =IF(OR($AB208=AL$4,$AB209=AL$4),$U208,NA()) -> 0.95995939 | AM208: =IF(OR($AB208=AM$4,$AB209=AM$4),$U208,NA()) -> #N/A | AN208: =IF(OR($AB208=AN$4,$AB209=AN$4),$U208,NA()) -> #N/A | AO208: =IF(OR($AB208=AO$5,$AB209=AO$5),$BG208,NA()) -> #N/A | AP208: =IF(OR($AB208=AP$5,$AB209=AP$5),$BG208,NA()) -> 370.87 | AQ208: =IF(OR($AB208=AQ$5,$AB209=AQ$5),$BG208,NA()) -> #N/A | AR208: =IF(OR($AB208=AN$5,$AB209=AN$5),$BG208,NA()) -> #N/A | AT208: =A208 -> 43189 | AU208: =IF($V208="E",4,IF($V208="R",2,IF($V208="SD",3,1))) -> 3 | AV208: =IF($Z208="E",4,IF($Z208="R",2,IF($Z208="SD",3,1))) -> 3 | BG208: {=_xll.BDH($BG$3,"PX_LAST",$A208,$A208,"Days=A","Fill=P")} -> 370.87 | BH208: =BG208/BG207-1 -> -0.023075099 | BI208: =AB208 -> SD | BJ208: =_xlfn.XLOOKUP(BI208,$BP$23:$BP$26,$BQ$23:$BQ$26) -> 0 | BK208: =BJ208*BH209 -> 0 | BL208: =BL207*(1+BK207) -> 102.33955 | BM208: =BM207*(1+BH208) -> 98.152706 | BN208: =BL208/BM208 -> 1.0426565
A209: 43220 | B209: =_xll.BDH(B$2,"PX_LAST",$A209,$A209,"Days=A","Fill=P") -> 100.9618 | C209: =$BQ$2*C208 + (1-$BQ$2)*B209 -> 100.64926 | D209: =(C209-AVERAGE(C190:C209))/AVEDEV(C190:C209) -> 1.7888393 | E209: 58.6 | F209: =$BQ$1*F208+(1-$BQ$1)*(E209-50) -> 8.6668622 | G209: 0.39 | H209: =$BQ$1*H208+(1-$BQ$1) * MAX(AVERAGE($G$4:$G$256)-3*STDEVA($G$4:$G$256),MIN(G209,AVERAGE($G$4:$G$256)+3*STDEVA($G$4:$G$256))) -> 0.19610783 | I209: {=_xll.BDH(I$2,"PX_LAST",$A209,$A209,"Days=A","Fill=P")} -> 0.29 | J209: =$BQ$3*J208+(1-$BQ$3)*I209 -> 0.08136708 | K209: =(J209-MEDIAN(J190:J209))/AVEDEV(J190:J209) -> 1.98141 | L209: 16.3024 | M209: =$BQ$4*M208+(1-$BQ$4)*L209 -> 41.561325 | N209: =(M209-MEDIAN(M189:M209))/AVEDEV(M189:M209) -> -0.27489665 | O209: {=_xll.BDH(O$3,"PX_LAST",$A209,$A209,"Days=A","Fill=P")} -> -77.5 | P209: =$BQ$5*P208+(1-$BQ$5)*O209 -> 15.933775 | Q209: =(P209-MEDIAN(P189:P209))/AVEDEV(P189:P209) -> -1.376007 | T209: SD | U209: =AVERAGE(D208,K209,N209,Q209) -> 0.56585679 | V209: =IF(U209-U208>0,IF(U209>=0,"E","R"),IF(U209>=0,"SD","C")) -> SD | W209: =U209-U208 -> -0.3941026 | X209: =IF(OR(ABS($U209-$U208)>$W$1),1,0) -> 1 | Y209: =$U209-$U208 -> -0.3941026 | Z209: =IF(ABS($U209-$U208)>AE209,V209,Z208) -> SD | AA209: =IF(Z209<>V208,U209,AA208) -> 2.2878031 | AB209: =Z209 -> SD | AC209: Quanti | AD209: =ABS(W209) -> 0.3941026 | AE209: =PERCENTILE(AD189:AD209,$Z$1) -> 0.21138516 | AI209: 0 | AK209: =IF(OR($AB209=AK$4,$AB210=AK$4),$U209,NA()) -> #N/A | AL209: =IF(OR($AB209=AL$4,$AB210=AL$4),$U209,NA()) -> 0.56585679 | AM209: =IF(OR($AB209=AM$4,$AB210=AM$4),$U209,NA()) -> #N/A | AN209: =IF(OR($AB209=AN$4,$AB210=AN$4),$U209,NA()) -> #N/A | AO209: =IF(OR($AB209=AO$5,$AB210=AO$5),$BG209,NA()) -> #N/A | AP209: =IF(OR($AB209=AP$5,$AB210=AP$5),$BG209,NA()) -> 385.32 | AQ209: =IF(OR($AB209=AQ$5,$AB210=AQ$5),$BG209,NA()) -> #N/A | AR209: =IF(OR($AB209=AN$5,$AB210=AN$5),$BG209,NA()) -> #N/A | AT209: =A209 -> 43220 | AU209: =IF($V209="E",4,IF($V209="R",2,IF($V209="SD",3,1))) -> 3 | AV209: =IF($Z209="E",4,IF($Z209="R",2,IF($Z209="SD",3,1))) -> 3 | BG209: {=_xll.BDH($BG$3,"PX_LAST",$A209,$A209,"Days=A","Fill=P")} -> 385.32 | BH209: =BG209/BG208-1 -> 0.03896244 | BI209: =AB209 -> SD | BJ209: =_xlfn.XLOOKUP(BI209,$BP$23:$BP$26,$BQ$23:$BQ$26) -> 0 | BK209: =BJ209*BH210 -> 0 | BL209: =BL208*(1+BK208) -> 102.33955 | BM209: =BM208*(1+BH209) -> 101.97697 | BN209: =BL209/BM209 -> 1.0035555
A210: 43251 | B210: =_xll.BDH(B$2,"PX_LAST",$A210,$A210,"Days=A","Fill=P") -> 100.8308 | C210: =$BQ$2*C209 + (1-$BQ$2)*B210 -> 100.65834 | D210: =(C210-AVERAGE(C191:C210))/AVEDEV(C191:C210) -> 1.6396603 | E210: 59 | F210: =$BQ$1*F209+(1-$BQ$1)*(E210-50) -> 8.7334898 | G210: -0.19 | H210: =$BQ$1*H209+(1-$BQ$1) * MAX(AVERAGE($G$4:$G$256)-3*STDEVA($G$4:$G$256),MIN(G210,AVERAGE($G$4:$G$256)+3*STDEVA($G$4:$G$256))) -> 0.11888626 | I210: {=_xll.BDH(I$2,"PX_LAST",$A210,$A210,"Days=A","Fill=P")} -> -0.085 | J210: =$BQ$3*J209+(1-$BQ$3)*I210 -> 0.073048726 | K210: =(J210-MEDIAN(J191:J210))/AVEDEV(J191:J210) -> 1.4334076 | L210: 13.8037 | M210: =$BQ$4*M209+(1-$BQ$4)*L210 -> 40.173444 | N210: =(M210-MEDIAN(M190:M210))/AVEDEV(M190:M210) -> -0.62024434 | O210: {=_xll.BDH(O$3,"PX_LAST",$A210,$A210,"Days=A","Fill=P")} -> -91.4 | P210: =$BQ$5*P209+(1-$BQ$5)*O210 -> 5.2003977 | Q210: =(P210-MEDIAN(P190:P210))/AVEDEV(P190:P210) -> -2.4754121 | T210: SD | U210: =AVERAGE(D209,K210,N210,Q210) -> 0.031647583 | V210: =IF(U210-U209>0,IF(U210>=0,"E","R"),IF(U210>=0,"SD","C")) -> SD | W210: =U210-U209 -> -0.5342092 | X210: =IF(OR(ABS($U210-$U209)>$W$1),1,0) -> 1 | Y210: =$U210-$U209 -> -0.5342092 | Z210: =IF(ABS($U210-$U209)>AE210,V210,Z209) -> SD | AA210: =IF(Z210<>V209,U210,AA209) -> 2.2878031 | AB210: =Z210 -> SD | AC210: Quanti | AD210: =ABS(W210) -> 0.5342092 | AE210: =PERCENTILE(AD190:AD210,$Z$1) -> 0.26336706 | AI210: 0 | AK210: =IF(OR($AB210=AK$4,$AB211=AK$4),$U210,NA()) -> #N/A | AL210: =IF(OR($AB210=AL$4,$AB211=AL$4),$U210,NA()) -> 0.031647583 | AM210: =IF(OR($AB210=AM$4,$AB211=AM$4),$U210,NA()) -> 0.031647583 | AN210: =IF(OR($AB210=AN$4,$AB211=AN$4),$U210,NA()) -> #N/A | AO210: =IF(OR($AB210=AO$5,$AB211=AO$5),$BG210,NA()) -> #N/A | AP210: =IF(OR($AB210=AP$5,$AB211=AP$5),$BG210,NA()) -> 383.06 | AQ210: =IF(OR($AB210=AQ$5,$AB211=AQ$5),$BG210,NA()) -> 383.06 | AR210: =IF(OR($AB210=AN$5,$AB211=AN$5),$BG210,NA()) -> #N/A | AT210: =A210 -> 43251 | AU210: =IF($V210="E",4,IF($V210="R",2,IF($V210="SD",3,1))) -> 3 | AV210: =IF($Z210="E",4,IF($Z210="R",2,IF($Z210="SD",3,1))) -> 3 | BG210: {=_xll.BDH($BG$3,"PX_LAST",$A210,$A210,"Days=A","Fill=P")} -> 383.06 | BH210: =BG210/BG209-1 -> -0.0058652549 | BI210: =AB210 -> SD | BJ210: =_xlfn.XLOOKUP(BI210,$BP$23:$BP$26,$BQ$23:$BQ$26) -> 0 | BK210: =BJ210*BH211 -> 0 | BL210: =BL209*(1+BK209) -> 102.33955 | BM210: =BM209*(1+BH210) -> 101.37885 | BN210: =BL210/BM210 -> 1.0094763
A211: 43280 | B211: =_xll.BDH(B$2,"PX_LAST",$A211,$A211,"Days=A","Fill=P") -> 100.8308 | C211: =$BQ$2*C210 + (1-$BQ$2)*B211 -> 100.66696 | D211: =(C211-AVERAGE(C192:C211))/AVEDEV(C192:C211) -> 1.5219611 | E211: 59.9 | F211: =$BQ$1*F210+(1-$BQ$1)*(E211-50) -> 8.9667918 | G211: 0.25 | H211: =$BQ$1*H210+(1-$BQ$1) * MAX(AVERAGE($G$4:$G$256)-3*STDEVA($G$4:$G$256),MIN(G211,AVERAGE($G$4:$G$256)+3*STDEVA($G$4:$G$256))) -> 0.14510901 | I211: {=_xll.BDH(I$2,"PX_LAST",$A211,$A211,"Days=A","Fill=P")} -> -0.108 | J211: =$BQ$3*J210+(1-$BQ$3)*I211 -> 0.06399629 | K211: =(J211-MEDIAN(J192:J211))/AVEDEV(J192:J211) -> 0.91956767 | L211: 29.1889 | M211: =$BQ$4*M210+(1-$BQ$4)*L211 -> 39.624217 | N211: =(M211-MEDIAN(M191:M211))/AVEDEV(M191:M211) -> -0.81922968 | O211: {=_xll.BDH(O$3,"PX_LAST",$A211,$A211,"Days=A","Fill=P")} -> -61 | P211: =$BQ$5*P210+(1-$BQ$5)*O211 -> -1.4196421 | Q211: =(P211-MEDIAN(P191:P211))/AVEDEV(P191:P211) -> -3.0938113 | T211: SD | U211: =AVERAGE(D210,K211,N211,Q211) -> -0.33845325 | V211: =IF(U211-U210>0,IF(U211>=0,"E","R"),IF(U211>=0,"SD","C")) -> C | W211: =U211-U210 -> -0.37010083 | X211: =IF(OR(ABS($U211-$U210)>$W$1),1,0) -> 1 | Y211: =$U211-$U210 -> -0.37010083 | Z211: =IF(ABS($U211-$U210)>AE211,V211,Z210) -> C | AA211: =IF(Z211<>V210,U211,AA210) -> -0.33845325 | AB211: =Z211 -> C | AC211: Quanti | AD211: =ABS(W211) -> 0.37010083 | AE211: =PERCENTILE(AD191:AD211,$Z$1) -> 0.27040993 | AI211: 0 | AK211: =IF(OR($AB211=AK$4,$AB212=AK$4),$U211,NA()) -> #N/A | AL211: =IF(OR($AB211=AL$4,$AB212=AL$4),$U211,NA()) -> #N/A | AM211: =IF(OR($AB211=AM$4,$AB212=AM$4),$U211,NA()) -> -0.33845325 | AN211: =IF(OR($AB211=AN$4,$AB212=AN$4),$U211,NA()) -> #N/A | AO211: =IF(OR($AB211=AO$5,$AB212=AO$5),$BG211,NA()) -> #N/A | AP211: =IF(OR($AB211=AP$5,$AB212=AP$5),$BG211,NA()) -> #N/A | AQ211: =IF(OR($AB211=AQ$5,$AB212=AQ$5),$BG211,NA()) -> 379.93 | AR211: =IF(OR($AB211=AN$5,$AB212=AN$5),$BG211,NA()) -> #N/A | AT211: =A211 -> 43280 | AU211: =IF($V211="E",4,IF($V211="R",2,IF($V211="SD",3,1))) -> 1 | AV211: =IF($Z211="E",4,IF($Z211="R",2,IF($Z211="SD",3,1))) -> 1 | BG211: {=_xll.BDH($BG$3,"PX_LAST",$A211,$A211,"Days=A","Fill=P")} -> 379.93 | BH211: =BG211/BG210-1 -> -0.0081710437 | BI211: =AB211 -> C | BJ211: =_xlfn.XLOOKUP(BI211,$BP$23:$BP$26,$BQ$23:$BQ$26) -> 0 | BK211: =BJ211*BH212 -> 0 | BL211: =BL210*(1+BK210) -> 102.33955 | BM211: =BM210*(1+BH211) -> 100.55048 | BN211: =BL211/BM211 -> 1.0177928
A212: 43312 | B212: =_xll.BDH(B$2,"PX_LAST",$A212,$A212,"Days=A","Fill=P") -> 100.5091 | C212: =$BQ$2*C211 + (1-$BQ$2)*B212 -> 100.65907 | D212: =(C212-AVERAGE(C193:C212))/AVEDEV(C193:C212) -> 1.3549218 | E212: 58.1 | F212: =$BQ$1*F211+(1-$BQ$1)*(E212-50) -> 8.7934335 | G212: 0.06 | H212: =$BQ$1*H211+(1-$BQ$1) * MAX(AVERAGE($G$4:$G$256)-3*STDEVA($G$4:$G$256),MIN(G212,AVERAGE($G$4:$G$256)+3*STDEVA($G$4:$G$256))) -> 0.12808721 | I212: {=_xll.BDH(I$2,"PX_LAST",$A212,$A212,"Days=A","Fill=P")} -> 0.232 | J212: =$BQ$3*J211+(1-$BQ$3)*I212 -> 0.072396475 | K212: =(J212-MEDIAN(J193:J212))/AVEDEV(J193:J212) -> 0.80562345 | L212: 40.4298 | M212: =$BQ$4*M211+(1-$BQ$4)*L212 -> 39.664496 | N212: =(M212-MEDIAN(M192:M212))/AVEDEV(M192:M212) -> -0.88788237 | O212: {=_xll.BDH(O$3,"PX_LAST",$A212,$A212,"Days=A","Fill=P")} -> -25.9 | P212: =$BQ$5*P211+(1-$BQ$5)*O212 -> -3.8676779 | Q212: =(P212-MEDIAN(P192:P212))/AVEDEV(P192:P212) -> -3.1782928 | T212: SD | U212: =AVERAGE(D211,K212,N212,Q212) -> -0.43464767 | V212: =IF(U212-U211>0,IF(U212>=0,"E","R"),IF(U212>=0,"SD","C")) -> C | W212: =U212-U211 -> -0.096194414 | X212: =IF(OR(ABS($U212-$U211)>$W$1),1,0) -> 0 | Y212: =$U212-$U211 -> -0.096194414 | Z212: =IF(ABS($U212-$U211)>AE212,V212,Z211) -> C | AA212: =IF(Z212<>V211,U212,AA211) -> -0.33845325 | AB212: =Z212 -> C | AC212: Quanti | AD212: =ABS(W212) -> 0.096194414 | AE212: =PERCENTILE(AD192:AD212,$Z$1) -> 0.26336706 | AI212: 0 | AK212: =IF(OR($AB212=AK$4,$AB213=AK$4),$U212,NA()) -> #N/A | AL212: =IF(OR($AB212=AL$4,$AB213=AL$4),$U212,NA()) -> #N/A | AM212: =IF(OR($AB212=AM$4,$AB213=AM$4),$U212,NA()) -> -0.43464767 | AN212: =IF(OR($AB212=AN$4,$AB213=AN$4),$U212,NA()) -> #N/A | AO212: =IF(OR($AB212=AO$5,$AB213=AO$5),$BG212,NA()) -> #N/A | AP212: =IF(OR($AB212=AP$5,$AB213=AP$5),$BG212,NA()) -> #N/A | AQ212: =IF(OR($AB212=AQ$5,$AB213=AQ$5),$BG212,NA()) -> 391.61 | AR212: =IF(OR($AB212=AN$5,$AB213=AN$5),$BG212,NA()) -> #N/A | AT212: =A212 -> 43312 | AU212: =IF($V212="E",4,IF($V212="R",2,IF($V212="SD",3,1))) -> 1 | AV212: =IF($Z212="E",4,IF($Z212="R",2,IF($Z212="SD",3,1))) -> 1 | BG212: {=_xll.BDH($BG$3,"PX_LAST",$A212,$A212,"Days=A","Fill=P")} -> 391.61 | BH212: =BG212/BG211-1 -> 0.030742505 | BI212: =AB212 -> C | BJ212: =_xlfn.XLOOKUP(BI212,$BP$23:$BP$26,$BQ$23:$BQ$26) -> 0 | BK212: =BJ212*BH213 -> 0 | BL212: =BL211*(1+BK211) -> 102.33955 | BM212: =BM211*(1+BH212) -> 103.64166 | BN212: =BL212/BM212 -> 0.98743648
A213: 43343 | B213: =_xll.BDH(B$2,"PX_LAST",$A213,$A213,"Days=A","Fill=P") -> 100.3107 | C213: =$BQ$2*C212 + (1-$BQ$2)*B213 -> 100.64165 | D213: =(C213-AVERAGE(C194:C213))/AVEDEV(C194:C213) -> 1.1595745 | E213: 60.5 | F213: =$BQ$1*F212+(1-$BQ$1)*(E213-50) -> 9.1347468 | G213: 0.26 | H213: =$BQ$1*H212+(1-$BQ$1) * MAX(AVERAGE($G$4:$G$256)-3*STDEVA($G$4:$G$256),MIN(G213,AVERAGE($G$4:$G$256)+3*STDEVA($G$4:$G$256))) -> 0.15446977 | I213: {=_xll.BDH(I$2,"PX_LAST",$A213,$A213,"Days=A","Fill=P")} -> -0.029 | J213: =$BQ$3*J212+(1-$BQ$3)*I213 -> 0.067326652 | K213: =(J213-MEDIAN(J194:J213))/AVEDEV(J194:J213) -> 0.6101991 | L213: 32.8054 | M213: =$BQ$4*M212+(1-$BQ$4)*L213 -> 39.321541 | N213: =(M213-MEDIAN(M193:M213))/AVEDEV(M193:M213) -> -1.0686875 | O213: {=_xll.BDH(O$3,"PX_LAST",$A213,$A213,"Days=A","Fill=P")} -> 1.4 | P213: =$BQ$5*P212+(1-$BQ$5)*O213 -> -3.3409101 | Q213: =(P213-MEDIAN(P193:P213))/AVEDEV(P193:P213) -> -2.9184445 | T213: SD | U213: =AVERAGE(D212,K213,N213,Q213) -> -0.50550278 | V213: =IF(U213-U212>0,IF(U213>=0,"E","R"),IF(U213>=0,"SD","C")) -> C | W213: =U213-U212 -> -0.070855114 | X213: =IF(OR(ABS($U213-$U212)>$W$1),1,0) -> 0 | Y213: =$U213-$U212 -> -0.070855114 | Z213: =IF(ABS($U213-$U212)>AE213,V213,Z212) -> C | AA213: =IF(Z213<>V212,U213,AA212) -> -0.33845325 | AB213: =Z213 -> C | AC213: Quanti | AD213: =ABS(W213) -> 0.070855114 | AE213: =PERCENTILE(AD193:AD213,$Z$1) -> 0.21138516 | AI213: 0 | AK213: =IF(OR($AB213=AK$4,$AB214=AK$4),$U213,NA()) -> #N/A | AL213: =IF(OR($AB213=AL$4,$AB214=AL$4),$U213,NA()) -> #N/A | AM213: =IF(OR($AB213=AM$4,$AB214=AM$4),$U213,NA()) -> -0.50550278 | AN213: =IF(OR($AB213=AN$4,$AB214=AN$4),$U213,NA()) -> #N/A | AO213: =IF(OR($AB213=AO$5,$AB214=AO$5),$BG213,NA()) -> #N/A | AP213: =IF(OR($AB213=AP$5,$AB214=AP$5),$BG213,NA()) -> #N/A | AQ213: =IF(OR($AB213=AQ$5,$AB214=AQ$5),$BG213,NA()) -> 382.26 | AR213: =IF(OR($AB213=AN$5,$AB214=AN$5),$BG213,NA()) -> #N/A | AT213: =A213 -> 43343 | AU213: =IF($V213="E",4,IF($V213="R",2,IF($V213="SD",3,1))) -> 1 | AV213: =IF($Z213="E",4,IF($Z213="R",2,IF($Z213="SD",3,1))) -> 1 | BG213: {=_xll.BDH($BG$3,"PX_LAST",$A213,$A213,"Days=A","Fill=P")} -> 382.26 | BH213: =BG213/BG212-1 -> -0.023875795 | BI213: =AB213 -> C | BJ213: =_xlfn.XLOOKUP(BI213,$BP$23:$BP$26,$BQ$23:$BQ$26) -> 0 | BK213: =BJ213*BH214 -> 0 | BL213: =BL212*(1+BK212) -> 102.33955 | BM213: =BM212*(1+BH213) -> 101.16713 | BN213: =BL213/BM213 -> 1.011589
... A257: 44681 | B257: =_xll.BDH(B$2,"PX_LAST",$A257,$A257,"Days=A","Fill=P") -> 99.9249 | C257: =$BQ$2*C256 + (1-$BQ$2)*B257 -> 100.17443 | D257: =(C257-AVERAGE(C238:C257))/AVEDEV(C238:C257) -> 1.4426302 | E257: 55.4 | F257: =$BQ$1*F256+(1-$BQ$1)*(E257-50) -> 8.1471387 | G257: 0.47 | H257: =$BQ$1*H256+(1-$BQ$1) * MAX(AVERAGE($G$4:$G$256)-3*STDEVA($G$4:$G$256),MIN(G257,AVERAGE($G$4:$G$256)+3*STDEVA($G$4:$G$256))) -> 0.45078471 | I257: {=_xll.BDH(I$2,"PX_LAST",$A257,$A257,"Days=A","Fill=P")} -> -1.199 | J257: =$BQ$3*J256+(1-$BQ$3)*I257 -> 0.070598218 | K257: =(J257-MEDIAN(J238:J257))/AVEDEV(J238:J257) -> -0.47727121 | L257: 5.9157 | M257: =$BQ$4*M256+(1-$BQ$4)*L257 -> 48.44489 | N257: =(M257-MEDIAN(M237:M257))/AVEDEV(M237:M257) -> 0 | O257: {=_xll.BDH(O$3,"PX_LAST",$A257,$A257,"Days=A","Fill=P")} -> 53.1 | P257: =$BQ$5*P256+(1-$BQ$5)*O257 -> 44.07771 | Q257: =(P257-MEDIAN(P237:P257))/AVEDEV(P237:P257) -> 0.044088021 | T257: SD | U257: =AVERAGE(D256,K257,N257,Q257) -> 0.29977678 | V257: =IF(U257-U256>0,IF(U257>=0,"E","R"),IF(U257>=0,"SD","C")) -> SD | W257: =U257-U256 -> -0.29649324 | X257: =IF(OR(ABS($U257-$U256)>$W$1),1,0) -> 0 | Y257: =$U257-$U256 -> -0.29649324 | Z257: =IF(ABS($U257-$U256)>AE257,V257,Z256) -> SD | AA257: =IF(Z257<>V256,U257,AA256) -> 1.5915836 | AB257: =Z257 -> SD | AC257: Quanti | AD257: =ABS(W257) -> 0.29649324 | AE257: =PERCENTILE(AD237:AD257,$Z$1) -> 0.23197042 | AI257: 0 | AK257: =IF(OR($AB257=AK$4,$AB258=AK$4),$U257,NA()) -> #N/A | AL257: =IF(OR($AB257=AL$4,$AB258=AL$4),$U257,NA()) -> 0.29977678 | AM257: =IF(OR($AB257=AM$4,$AB258=AM$4),$U257,NA()) -> #N/A | AN257: =IF(OR($AB257=AN$4,$AB258=AN$4),$U257,NA()) -> #N/A | AO257: =IF(OR($AB257=AO$5,$AB258=AO$5),$BG257,NA()) -> #N/A | AP257: =IF(OR($AB257=AP$5,$AB258=AP$5),$BG257,NA()) -> 450.39 | AQ257: =IF(OR($AB257=AQ$5,$AB258=AQ$5),$BG257,NA()) -> #N/A | AR257: =IF(OR($AB257=AN$5,$AB258=AN$5),$BG257,NA()) -> #N/A | AT257: =A257 -> 44681 | AU257: =IF($V257="E",4,IF($V257="R",2,IF($V257="SD",3,1))) -> 3 | AV257: =IF($Z257="E",4,IF($Z257="R",2,IF($Z257="SD",3,1))) -> 3 | BG257: {=_xll.BDH($BG$3,"PX_LAST",$A257,$A257,"Days=A","Fill=P")} -> 450.39 | BH257: =BG257/BG256-1 -> -0.011999298 | BI257: =AB257 -> SD | BJ257: =_xlfn.XLOOKUP(BI257,$BP$23:$BP$26,$BQ$23:$BQ$26) -> 0 | BK257: =BJ257*BH258 -> 0 | BL257: =BL256*(1+BK256) -> 131.43837 | BM257: =BM256*(1+BH257) -> 119.19809 | BN257: =BL257/BM257 -> 1.1026885
A258: 44712 | B258: =_xll.BDH(B$2,"PX_LAST",$A258,$A258,"Days=A","Fill=P") -> 99.4455 | C258: =$BQ$2*C257 + (1-$BQ$2)*B258 -> 100.13798 | D258: =(C258-AVERAGE(C239:C258))/AVEDEV(C239:C258) -> 1.2543206 | E258: 56.1 | F258: 7.2053911 | G258: 0.01 | H258: 0.3335322 | I258: {=_xll.BDH(I$2,"PX_LAST",$A258,$A258,"Days=A","Fill=P")} -> -0.854 | J258: =$BQ$3*J257+(1-$BQ$3)*I258 -> 0.024368307 | K258: =(J258-MEDIAN(J239:J258))/AVEDEV(J239:J258) -> -0.95187936 | L258: 9.883 | M258: =$BQ$4*M257+(1-$BQ$4)*L258 -> 46.516795 | N258: =(M258-MEDIAN(M238:M258))/AVEDEV(M238:M258) -> -0.35920302 | O258: {=_xll.BDH(O$3,"PX_LAST",$A258,$A258,"Days=A","Fill=P")} -> 19.6 | P258: =$BQ$5*P257+(1-$BQ$5)*O258 -> 41.629939 | Q258: =(P258-MEDIAN(P238:P258))/AVEDEV(P238:P258) -> -0.078103487 | T258: E | U258: =AVERAGE(D257,K258,N258,Q258) -> 0.013361085 | V258: =IF(U258-U257>0,IF(U258>=0,"E","R"),IF(U258>=0,"SD","C")) -> SD | W258: =U258-U257 -> -0.28641569 | X258: =IF(OR(ABS($U258-$U257)>$W$1),1,0) -> 0 | Y258: =$U258-$U257 -> -0.28641569 | Z258: =IF(ABS($U258-$U257)>AE258,V258,Z257) -> SD | AA258: =IF(Z258<>V257,U258,AA257) -> 1.5915836 | AB258: =Z258 -> SD | AC258: Quanti | AD258: =ABS(W258) -> 0.28641569 | AE258: =PERCENTILE(AD238:AD258,$Z$1) -> 0.23197042 | AI258: 0 | AK258: =IF(OR($AB258=AK$4,$AB259=AK$4),$U258,NA()) -> #N/A | AL258: =IF(OR($AB258=AL$4,$AB259=AL$4),$U258,NA()) -> 0.013361085 | AM258: =IF(OR($AB258=AM$4,$AB259=AM$4),$U258,NA()) -> 0.013361085 | AN258: =IF(OR($AB258=AN$4,$AB259=AN$4),$U258,NA()) -> #N/A | AO258: =IF(OR($AB258=AO$5,$AB259=AO$5),$BG258,NA()) -> #N/A | AP258: =IF(OR($AB258=AP$5,$AB259=AP$5),$BG258,NA()) -> 443.35 | AQ258: =IF(OR($AB258=AQ$5,$AB259=AQ$5),$BG258,NA()) -> 443.35 | AR258: =IF(OR($AB258=AN$5,$AB259=AN$5),$BG258,NA()) -> #N/A | AT258: =A258 -> 44712 | AU258: =IF($V258="E",4,IF($V258="R",2,IF($V258="SD",3,1))) -> 3 | AV258: =IF($Z258="E",4,IF($Z258="R",2,IF($Z258="SD",3,1))) -> 3 | BG258: {=_xll.BDH($BG$3,"PX_LAST",$A258,$A258,"Days=A","Fill=P")} -> 443.35 | BH258: =BG258/BG257-1 -> -0.015630898 | BI258: =AB258 -> SD | BJ258: =_xlfn.XLOOKUP(BI258,$BP$23:$BP$26,$BQ$23:$BQ$26) -> 0 | BK258: =BJ258*BH259 -> 0 | BL258: =BL257*(1+BK257) -> 131.43837 | BM258: =BM257*(1+BH258) -> 117.33492 | BN258: =BL258/BM258 -> 1.1201982
A259: 44742 | B259: =_xll.BDH(B$2,"PX_LAST",$A259,$A259,"Days=A","Fill=P") -> 99.0135 | C259: =$BQ$2*C258 + (1-$BQ$2)*B259 -> 100.08176 | D259: =(C259-AVERAGE(C240:C259))/AVEDEV(C240:C259) -> 1.0557017 | E259: =_xll.BDH(E$2,"PX_LAST",$A259,$A259) -> 53.5 | F259: =$BQ$1*F258+(1-$BQ$1)*(E259-50) -> 6.4643129 | G259: #N/A N/A | H259: 1.3770439 | I259: {=_xll.BDH(I$2,"PX_LAST",$A259,$A259,"Days=A","Fill=P")} -> -1.498 | J259: =$BQ$3*J258+(1-$BQ$3)*I259 -> -0.051750108 | K259: =(J259-MEDIAN(J240:J259))/AVEDEV(J240:J259) -> -1.7336072 | L259: 6.3655 | M259: =$BQ$4*M258+(1-$BQ$4)*L259 -> 44.509231 | N259: =(M259-MEDIAN(M239:M259))/AVEDEV(M239:M259) -> -0.78398558 | O259: {=_xll.BDH(O$3,"PX_LAST",$A259,$A259,"Days=A","Fill=P")} -> -25.3 | P259: =$BQ$5*P258+(1-$BQ$5)*O259 -> 34.936945 | Q259: =(P259-MEDIAN(P239:P259))/AVEDEV(P239:P259) -> -0.51297952 | T259: SD | U259: =AVERAGE(D258,K259,N259,Q259) -> -0.44406292 | V259: =IF(U259-U258>0,IF(U259>=0,"E","R"),IF(U259>=0,"SD","C")) -> C | W259: =U259-U258 -> -0.457424 | X259: =IF(OR(ABS($U259-$U258)>$W$1),1,0) -> 1 | Y259: =$U259-$U258 -> -0.457424 | Z259: =IF(ABS($U259-$U258)>AE259,V259,Z258) -> C | AA259: =IF(Z259<>V258,U259,AA258) -> -0.44406292 | AB259: =Z259 -> C | AC259: Quanti | AD259: =ABS(W259) -> 0.457424 | AE259: =PERCENTILE(AD239:AD259,$Z$1) -> 0.23197042 | AI259: 0 | AK259: =IF(OR($AB259=AK$4,$AB260=AK$4),$U259,NA()) -> #N/A | AL259: =IF(OR($AB259=AL$4,$AB260=AL$4),$U259,NA()) -> #N/A | AM259: =IF(OR($AB259=AM$4,$AB260=AM$4),$U259,NA()) -> -0.44406292 | AN259: =IF(OR($AB259=AN$4,$AB260=AN$4),$U259,NA()) -> #N/A | AO259: =IF(OR($AB259=AO$5,$AB260=AO$5),$BG259,NA()) -> #N/A | AP259: =IF(OR($AB259=AP$5,$AB260=AP$5),$BG259,NA()) -> #N/A | AQ259: =IF(OR($AB259=AQ$5,$AB260=AQ$5),$BG259,NA()) -> 407.2 | AR259: =IF(OR($AB259=AN$5,$AB260=AN$5),$BG259,NA()) -> #N/A | AT259: =A259 -> 44742 | AU259: =IF($V259="E",4,IF($V259="R",2,IF($V259="SD",3,1))) -> 1 | AV259: =IF($Z259="E",4,IF($Z259="R",2,IF($Z259="SD",3,1))) -> 1 | BG259: {=_xll.BDH($BG$3,"PX_LAST",$A259,$A259,"Days=A","Fill=P")} -> 407.2 | BH259: =BG259/BG258-1 -> -0.081538288 | BI259: =AB259 -> C | BJ259: =_xlfn.XLOOKUP(BI259,$BP$23:$BP$26,$BQ$23:$BQ$26) -> 0 | BK259: =BJ259*BH260 -> 0 | BL259: =BL258*(1+BK258) -> 131.43837 | BM259: =BM258*(1+BH259) -> 107.76763 | BN259: =BL259/BM259 -> 1.2196461
A260: 44773 | B260: =_xll.BDH(B$2,"PX_LAST",$A260,$A260,"Days=A","Fill=P") -> 98.6455 | C260: =$BQ$2*C259 + (1-$BQ$2)*B260 -> 100.00995 | D260: =(C260-AVERAGE(C241:C260))/AVEDEV(C241:C260) -> 0.84622246 | E260: 52.8 | F260: 5.0929011 | G260: #N/A N/A | H260: 2.1231548 | I260: {=_xll.BDH(I$2,"PX_LAST",$A260,$A260,"Days=A","Fill=P")} -> -1.213 | J260: =$BQ$3*J259+(1-$BQ$3)*I260 -> -0.1098126 | K260: =(J260-MEDIAN(J241:J260))/AVEDEV(J241:J260) -> -2.2722582 | L260: 15.7568 | M260: =$BQ$4*M259+(1-$BQ$4)*L260 -> 43.071609 | N260: =(M260-MEDIAN(M240:M260))/AVEDEV(M240:M260) -> -1.1332002 | O260: {=_xll.BDH(O$3,"PX_LAST",$A260,$A260,"Days=A","Fill=P")} -> -63.9 | P260: =$BQ$5*P259+(1-$BQ$5)*O260 -> 25.05325 | Q260: =(P260-MEDIAN(P240:P260))/AVEDEV(P240:P260) -> -1.2225584 | T260: SD | U260: =AVERAGE(D259,K260,N260,Q260) -> -0.89307879 | V260: =IF(U260-U259>0,IF(U260>=0,"E","R"),IF(U260>=0,"SD","C")) -> C | W260: =U260-U259 -> -0.44901587 | X260: =IF(OR(ABS($U260-$U259)>$W$1),1,0) -> 1 | Y260: =$U260-$U259 -> -0.44901587 | Z260: =IF(ABS($U260-$U259)>AE260,V260,Z259) -> C | AA260: =IF(Z260<>V259,U260,AA259) -> -0.44406292 | AB260: =Z260 -> C | AC260: Quanti | AD260: =ABS(W260) -> 0.44901587 | AE260: =PERCENTILE(AD240:AD260,$Z$1) -> 0.23197042 | AI260: 0 | AK260: =IF(OR($AB260=AK$4,$AB261=AK$4),$U260,NA()) -> #N/A | AL260: =IF(OR($AB260=AL$4,$AB261=AL$4),$U260,NA()) -> #N/A | AM260: =IF(OR($AB260=AM$4,$AB261=AM$4),$U260,NA()) -> -0.89307879 | AN260: =IF(OR($AB260=AN$4,$AB261=AN$4),$U260,NA()) -> #N/A | AO260: =IF(OR($AB260=AO$5,$AB261=AO$5),$BG260,NA()) -> #N/A | AP260: =IF(OR($AB260=AP$5,$AB261=AP$5),$BG260,NA()) -> #N/A | AQ260: =IF(OR($AB260=AQ$5,$AB261=AQ$5),$BG260,NA()) -> 438.29 | AR260: =IF(OR($AB260=AN$5,$AB261=AN$5),$BG260,NA()) -> #N/A | AT260: =A260 -> 44773 | AU260: =IF($V260="E",4,IF($V260="R",2,IF($V260="SD",3,1))) -> 1 | AV260: =IF($Z260="E",4,IF($Z260="R",2,IF($Z260="SD",3,1))) -> 1 | BG260: {=_xll.BDH($BG$3,"PX_LAST",$A260,$A260,"Days=A","Fill=P")} -> 438.29 | BH260: =BG260/BG259-1 -> 0.076350688 | BI260: =AB260 -> C | BJ260: =_xlfn.XLOOKUP(BI260,$BP$23:$BP$26,$BQ$23:$BQ$26) -> 0 | BK260: =BJ260*BH261 -> 0 | BL260: =BL259*(1+BK259) -> 131.43837 | BM260: =BM259*(1+BH260) -> 115.99577 | BN260: =BL260/BM260 -> 1.1331308
A261: 44804 | B261: =_xll.BDH(B$2,"PX_LAST",$A261,$A261,"Days=A","Fill=P") -> 98.3632 | C261: =$BQ$2*C260 + (1-$BQ$2)*B261 -> 99.927609 | D261: =(C261-AVERAGE(C242:C261))/AVEDEV(C242:C261) -> 0.61062935 | I261: {=_xll.BDH(I$2,"PX_LAST",$A261,$A261,"Days=A","Fill=P")} -> -1.843 | J261: =$BQ$3*J260+(1-$BQ$3)*I261 -> -0.19647197 | K261: =(J261-MEDIAN(J242:J261))/AVEDEV(J242:J261) -> -2.9004704 | L261: 18.9092 | M261: =$BQ$4*M260+(1-$BQ$4)*L261 -> 41.863489 | N261: =(M261-MEDIAN(M241:M261))/AVEDEV(M241:M261) -> -1.4390438 | O261: {=_xll.BDH(O$3,"PX_LAST",$A261,$A261,"Days=A","Fill=P")} -> -25.4 | P261: =$BQ$5*P260+(1-$BQ$5)*O261 -> 20.007925 | Q261: =(P261-MEDIAN(P241:P261))/AVEDEV(P241:P261) -> -1.624075 | T261: C | U261: =AVERAGE(D260,K261,N261,Q261) -> -1.2793417 | V261: =IF(U261-U260>0,IF(U261>=0,"E","R"),IF(U261>=0,"SD","C")) -> C | W261: =U261-U260 -> -0.38626289 | X261: =IF(OR(ABS($U261-$U260)>$W$1),1,0) -> 1 | Y261: =$U261-$U260 -> -0.38626289 | Z261: =IF(ABS($U261-$U260)>AE261,V261,Z260) -> C | AA261: =IF(Z261<>V260,U261,AA260) -> -0.44406292 | AB261: =Z261 -> C | AC261: Quanti | AD261: =ABS(W261) -> 0.38626289 | AE261: =PERCENTILE(AD241:AD261,$Z$1) -> 0.23197042 | AI261: 0 | AK261: =IF(OR($AB261=AK$4,$AB262=AK$4),$U261,NA()) -> #N/A | AL261: =IF(OR($AB261=AL$4,$AB262=AL$4),$U261,NA()) -> #N/A | AM261: =IF(OR($AB261=AM$4,$AB262=AM$4),$U261,NA()) -> -1.2793417 | AN261: =IF(OR($AB261=AN$4,$AB262=AN$4),$U261,NA()) -> #N/A | AO261: =IF(OR($AB261=AO$5,$AB262=AO$5),$BG261,NA()) -> #N/A | AP261: =IF(OR($AB261=AP$5,$AB262=AP$5),$BG261,NA()) -> #N/A | AQ261: =IF(OR($AB261=AQ$5,$AB262=AQ$5),$BG261,NA()) -> 415.12 | AR261: =IF(OR($AB261=AN$5,$AB262=AN$5),$BG261,NA()) -> #N/A | AT261: =A261 -> 44804 | AU261: =IF($V261="E",4,IF($V261="R",2,IF($V261="SD",3,1))) -> 1 | AV261: =IF($Z261="E",4,IF($Z261="R",2,IF($Z261="SD",3,1))) -> 1 | BG261: {=_xll.BDH($BG$3,"PX_LAST",$A261,$A261,"Days=A","Fill=P")} -> 415.12 | BH261: =BG261/BG260-1 -> -0.052864542 | BI261: =AB261 -> C | BJ261: =_xlfn.XLOOKUP(BI261,$BP$23:$BP$26,$BQ$23:$BQ$26) -> 0 | BK261: =BJ261*BH262 -> 0 | BL261: =BL260*(1+BK260) -> 131.43837 | BM261: =BM260*(1+BH261) -> 109.8637 | BN261: =BL261/BM261 -> 1.1963767
A262: 44834 | B262: =_xll.BDH(B$2,"PX_LAST",$A262,$A262,"Days=A","Fill=P") -> 98.179 | C262: =$BQ$2*C261 + (1-$BQ$2)*B262 -> 99.840179 | D262: =(C262-AVERAGE(C243:C262))/AVEDEV(C243:C262) -> 0.34114855 | I262: {=_xll.BDH(I$2,"PX_LAST",$A262,$A262,"Days=A","Fill=P")} -> -1.897 | J262: =$BQ$3*J261+(1-$BQ$3)*I262 -> -0.28149837 | K262: =(J262-MEDIAN(J243:J262))/AVEDEV(J243:J262) -> -3.2717989 | L262: 15.9929 | M262: =$BQ$4*M261+(1-$BQ$4)*L262 -> 40.569959 | N262: =(M262-MEDIAN(M242:M262))/AVEDEV(M242:M262) -> -1.7460913 | O262: {=_xll.BDH(O$3,"PX_LAST",$A262,$A262,"Days=A","Fill=P")} -> 0.2 | P262: =$BQ$5*P261+(1-$BQ$5)*O262 -> 18.027133 | Q262: =(P262-MEDIAN(P242:P262))/AVEDEV(P242:P262) -> -1.7495279 | T262: C | U262: =AVERAGE(D261,K262,N262,Q262) -> -1.5391972 | V262: =IF(U262-U261>0,IF(U262>=0,"E","R"),IF(U262>=0,"SD","C")) -> C | W262: =U262-U261 -> -0.25985551 | X262: =IF(OR(ABS($U262-$U261)>$W$1),1,0) -> 0 | Y262: =$U262-$U261 -> -0.25985551 | Z262: =IF(ABS($U262-$U261)>AE262,V262,Z261) -> C | AA262: =IF(Z262<>V261,U262,AA261) -> -0.44406292 | AB262: =Z262 -> C | AC262: Quanti | AD262: =ABS(W262) -> 0.25985551 | AE262: =PERCENTILE(AD242:AD262,$Z$1) -> 0.23197042 | AI262: 0 | AK262: =IF(OR($AB262=AK$4,$AB263=AK$4),$U262,NA()) -> #N/A | AL262: =IF(OR($AB262=AL$4,$AB263=AL$4),$U262,NA()) -> #N/A | AM262: =IF(OR($AB262=AM$4,$AB263=AM$4),$U262,NA()) -> -1.5391972 | AN262: =IF(OR($AB262=AN$4,$AB263=AN$4),$U262,NA()) -> #N/A | AO262: =IF(OR($AB262=AO$5,$AB263=AO$5),$BG262,NA()) -> #N/A | AP262: =IF(OR($AB262=AP$5,$AB263=AP$5),$BG262,NA()) -> #N/A | AQ262: =IF(OR($AB262=AQ$5,$AB263=AQ$5),$BG262,NA()) -> 387.85 | AR262: =IF(OR($AB262=AN$5,$AB263=AN$5),$BG262,NA()) -> #N/A | AT262: =A262 -> 44834 | AU262: =IF($V262="E",4,IF($V262="R",2,IF($V262="SD",3,1))) -> 1 | AV262: =IF($Z262="E",4,IF($Z262="R",2,IF($Z262="SD",3,1))) -> 1 | BG262: {=_xll.BDH($BG$3,"PX_LAST",$A262,$A262,"Days=A","Fill=P")} -> 387.85 | BH262: =BG262/BG261-1 -> -0.065691848 | BI262: =AB262 -> C | BJ262: =_xlfn.XLOOKUP(BI262,$BP$23:$BP$26,$BQ$23:$BQ$26) -> 0 | BK262: =BJ262*BH263 -> 0 | BL262: =BL261*(1+BK261) -> 131.43837 | BM262: =BM261*(1+BH262) -> 102.64655 | BN262: =BL262/BM262 -> 1.2804947
A263: 44865 | B263: =_xll.BDH(B$2,"PX_LAST",$A263,$A263,"Days=A","Fill=P") -> 98.1215 | C263: =$BQ$2*C262 + (1-$BQ$2)*B263 -> 99.754245 | D263: =(C263-AVERAGE(C244:C263))/AVEDEV(C244:C263) -> 0.0093610595 | I263: {=_xll.BDH(I$2,"PX_LAST",$A263,$A263,"Days=A","Fill=P")} -> -1.942 | J263: =$BQ$3*J262+(1-$BQ$3)*I263 -> -0.36452346 | K263: =(J263-MEDIAN(J244:J263))/AVEDEV(J244:J263) -> -3.3980287 | L263: 28.1034 | M263: =$BQ$4*M262+(1-$BQ$4)*L263 -> 39.946631 | N263: =(M263-MEDIAN(M243:M263))/AVEDEV(M243:M263) -> -1.8783217 | O263: {=_xll.BDH(O$3,"PX_LAST",$A263,$A263,"Days=A","Fill=P")} -> 18.2 | P263: =$BQ$5*P262+(1-$BQ$5)*O263 -> 18.044419 | Q263: =(P263-MEDIAN(P243:P263))/AVEDEV(P243:P263) -> -1.6948661 | T263: C | U263: =AVERAGE(D262,K263,N263,Q263) -> -1.657517 | V263: =IF(U263-U262>0,IF(U263>=0,"E","R"),IF(U263>=0,"SD","C")) -> C | W263: =U263-U262 -> -0.11831981 | X263: =IF(OR(ABS($U263-$U262)>$W$1),1,0) -> 0 | Y263: =$U263-$U262 -> -0.11831981 | Z263: =IF(ABS($U263-$U262)>AE263,V263,Z262) -> C | AA263: =IF(Z263<>V262,U263,AA262) -> -0.44406292 | AB263: =Z263 -> C | AC263: Quanti | AD263: =ABS(W263) -> 0.11831981 | AE263: =PERCENTILE(AD243:AD263,$Z$1) -> 0.19321137 | AI263: 0 | AK263: =IF(OR($AB263=AK$4,$AB264=AK$4),$U263,NA()) -> #N/A | AL263: =IF(OR($AB263=AL$4,$AB264=AL$4),$U263,NA()) -> #N/A | AM263: =IF(OR($AB263=AM$4,$AB264=AM$4),$U263,NA()) -> -1.657517 | AN263: =IF(OR($AB263=AN$4,$AB264=AN$4),$U263,NA()) -> #N/A | AO263: =IF(OR($AB263=AO$5,$AB264=AO$5),$BG263,NA()) -> #N/A | AP263: =IF(OR($AB263=AP$5,$AB264=AP$5),$BG263,NA()) -> #N/A | AQ263: =IF(OR($AB263=AQ$5,$AB264=AQ$5),$BG263,NA()) -> 412.2 | AR263: =IF(OR($AB263=AN$5,$AB264=AN$5),$BG263,NA()) -> #N/A | AT263: =A263 -> 44865 | AU263: =IF($V263="E",4,IF($V263="R",2,IF($V263="SD",3,1))) -> 1 | AV263: =IF($Z263="E",4,IF($Z263="R",2,IF($Z263="SD",3,1))) -> 1 | BG263: {=_xll.BDH($BG$3,"PX_LAST",$A263,$A263,"Days=A","Fill=P")} -> 412.2 | BH263: =BG263/BG262-1 -> 0.062782003 | BI263: =AB263 -> C | BJ263: =_xlfn.XLOOKUP(BI263,$BP$23:$BP$26,$BQ$23:$BQ$26) -> 0 | BK263: =BJ263*BH264 -> 0 | BL263: =BL262*(1+BK262) -> 131.43837 | BM263: =BM262*(1+BH263) -> 109.09091 | BN263: =BL263/BM263 -> 1.2048517
A264: 44895 | B264: =_xll.BDH(B$2,"PX_LAST",$A264,$A264,"Days=A","Fill=P") -> 98.1832 | C264: =$BQ$2*C263 + (1-$BQ$2)*B264 -> 99.675693 | D264: =(C264-AVERAGE(C245:C264))/AVEDEV(C245:C264) -> -0.39504851 | I264: {=_xll.BDH(I$2,"PX_LAST",$A264,$A264,"Days=A","Fill=P")} -> -1.343 | J264: =$BQ$3*J263+(1-$BQ$3)*I264 -> -0.41344728 | K264: =(J264-MEDIAN(J245:J264))/AVEDEV(J245:J264) -> -3.1193936 | L264: 41.2262 | M264: =$BQ$4*M263+(1-$BQ$4)*L264 -> 40.01061 | N264: =(M264-MEDIAN(M244:M264))/AVEDEV(M244:M264) -> -1.82669 | O264: {=_xll.BDH(O$3,"PX_LAST",$A264,$A264,"Days=A","Fill=P")} -> 32.5 | P264: =$BQ$5*P263+(1-$BQ$5)*O264 -> 19.489978 | Q264: =(P264-MEDIAN(P244:P264))/AVEDEV(P244:P264) -> -1.5023652 | T264: C | U264: =AVERAGE(D263,K264,N264,Q264) -> -1.6097719 | V264: =IF(U264-U263>0,IF(U264>=0,"E","R"),IF(U264>=0,"SD","C")) -> R | W264: =U264-U263 -> 0.047745044 | X264: =IF(OR(ABS($U264-$U263)>$W$1),1,0) -> 0 | Y264: =$U264-$U263 -> 0.047745044 | Z264: =IF(ABS($U264-$U263)>AE264,V264,Z263) -> C | AA264: =IF(Z264<>V263,U264,AA263) -> -0.44406292 | AB264: =Z264 -> C | AC264: Quanti | AD264: =ABS(W264) -> 0.047745044 | AE264: =PERCENTILE(AD244:AD264,$Z$1) -> 0.184235 | AI264: 0 | AK264: =IF(OR($AB264=AK$4,$AB265=AK$4),$U264,NA()) -> #N/A | AL264: =IF(OR($AB264=AL$4,$AB265=AL$4),$U264,NA()) -> #N/A | AM264: =IF(OR($AB264=AM$4,$AB265=AM$4),$U264,NA()) -> -1.6097719 | AN264: =IF(OR($AB264=AN$4,$AB265=AN$4),$U264,NA()) -> #N/A | AO264: =IF(OR($AB264=AO$5,$AB265=AO$5),$BG264,NA()) -> #N/A | AP264: =IF(OR($AB264=AP$5,$AB265=AP$5),$BG264,NA()) -> #N/A | AQ264: =IF(OR($AB264=AQ$5,$AB265=AQ$5),$BG264,NA()) -> 440.04 | AR264: =IF(OR($AB264=AN$5,$AB265=AN$5),$BG264,NA()) -> #N/A | AT264: =A264 -> 44895 | AU264: =IF($V264="E",4,IF($V264="R",2,IF($V264="SD",3,1))) -> 2 | AV264: =IF($Z264="E",4,IF($Z264="R",2,IF($Z264="SD",3,1))) -> 1 | BG264: {=_xll.BDH($BG$3,"PX_LAST",$A264,$A264,"Days=A","Fill=P")} -> 440.04 | BH264: =BG264/BG263-1 -> 0.067540029 | BI264: =AB264 -> C | BJ264: =_xlfn.XLOOKUP(BI264,$BP$23:$BP$26,$BQ$23:$BQ$26) -> 0 | BK264: =BJ264*BH265 -> 0 | BL264: =BL263*(1+BK263) -> 131.43837 | BM264: =BM263*(1+BH264) -> 116.45891 | BN264: =BL264/BM264 -> 1.1286244
A265: 44926 | B265: =_xll.BDH(B$2,"PX_LAST",$A265,$A265,"Days=A","Fill=P") -> 98.3234 | C265: =$BQ$2*C264 + (1-$BQ$2)*B265 -> 99.608078 | D265: =(C265-AVERAGE(C246:C265))/AVEDEV(C246:C265) -> -0.84506317 | I265: {=_xll.BDH(I$2,"PX_LAST",$A265,$A265,"Days=A","Fill=P")} -> -0.475 | J265: =$BQ$3*J264+(1-$BQ$3)*I265 -> -0.41652492 | K265: =(J265-MEDIAN(J246:J265))/AVEDEV(J246:J265) -> -2.7079671 | L265: 46.6054 | M265: =$BQ$4*M264+(1-$BQ$4)*L265 -> 40.340349 | N265: =(M265-MEDIAN(M245:M265))/AVEDEV(M245:M265) -> -1.6926022 | O265: {=_xll.BDH(O$3,"PX_LAST",$A265,$A265,"Days=A","Fill=P")} -> 67.9 | P265: =$BQ$5*P264+(1-$BQ$5)*O265 -> 24.33098 | Q265: =(P265-MEDIAN(P245:P265))/AVEDEV(P245:P265) -> -1.126362 | T265: C | U265: =AVERAGE(D264,K265,N265,Q265) -> -1.480495 | V265: =IF(U265-U264>0,IF(U265>=0,"E","R"),IF(U265>=0,"SD","C")) -> R | W265: =U265-U264 -> 0.12927698 | X265: =IF(OR(ABS($U265-$U264)>$W$1),1,0) -> 0 | Y265: =$U265-$U264 -> 0.12927698 | Z265: =IF(ABS($U265-$U264)>AE265,V265,Z264) -> C | AA265: =IF(Z265<>V264,U265,AA264) -> -1.480495 | AB265: =Z265 -> C | AC265: Quanti | AD265: =ABS(W265) -> 0.12927698 | AE265: =PERCENTILE(AD245:AD265,$Z$1) -> 0.18312425 | AI265: 0 | AK265: =IF(OR($AB265=AK$4,$AB266=AK$4),$U265,NA()) -> #N/A | AL265: =IF(OR($AB265=AL$4,$AB266=AL$4),$U265,NA()) -> #N/A | AM265: =IF(OR($AB265=AM$4,$AB266=AM$4),$U265,NA()) -> -1.480495 | AN265: =IF(OR($AB265=AN$4,$AB266=AN$4),$U265,NA()) -> -1.480495 | AO265: =IF(OR($AB265=AO$5,$AB266=AO$5),$BG265,NA()) -> #N/A | AP265: =IF(OR($AB265=AP$5,$AB266=AP$5),$BG265,NA()) -> #N/A | AQ265: =IF(OR($AB265=AQ$5,$AB266=AQ$5),$BG265,NA()) -> 424.89 | AR265: =IF(OR($AB265=AN$5,$AB266=AN$5),$BG265,NA()) -> #N/A | AT265: =A265 -> 44926 | AU265: =IF($V265="E",4,IF($V265="R",2,IF($V265="SD",3,1))) -> 2 | AV265: =IF($Z265="E",4,IF($Z265="R",2,IF($Z265="SD",3,1))) -> 1 | BG265: {=_xll.BDH($BG$3,"PX_LAST",$A265,$A265,"Days=A","Fill=P")} -> 424.89 | BH265: =BG265/BG264-1 -> -0.034428688 | BI265: =AB265 -> C | BJ265: =_xlfn.XLOOKUP(BI265,$BP$23:$BP$26,$BQ$23:$BQ$26) -> 0 | BK265: =BJ265*BH266 -> 0 | BL265: =BL264*(1+BK264) -> 131.43837 | BM265: =BM264*(1+BH265) -> 112.44938 | BN265: =BL265/BM265 -> 1.168867
A266: 44957 | B266: =_xll.BDH(B$2,"PX_LAST",$A266,$A266,"Days=A","Fill=P") -> 98.4961 | C266: =$BQ$2*C265 + (1-$BQ$2)*B266 -> 99.552479 | D266: =(C266-AVERAGE(C247:C266))/AVEDEV(C247:C266) -> -1.278257 | I266: {=_xll.BDH(I$2,"PX_LAST",$A266,$A266,"Days=A","Fill=P")} -> -0.182 | J266: =$BQ$3*J265+(1-$BQ$3)*I266 -> -0.40479867 | K266: =(J266-MEDIAN(J247:J266))/AVEDEV(J247:J266) -> -2.3003726 | L266: 81.6482 | M266: =$BQ$4*M265+(1-$BQ$4)*L266 -> 42.405742 | N266: =(M266-MEDIAN(M246:M266))/AVEDEV(M246:M266) -> -1.2154977 | O266: {=_xll.BDH(O$3,"PX_LAST",$A266,$A266,"Days=A","Fill=P")} -> 97.2 | P266: =$BQ$5*P265+(1-$BQ$5)*O266 -> 31.617882 | Q266: =(P266-MEDIAN(P246:P266))/AVEDEV(P246:P266) -> -0.59095126 | T266: R | U266: =AVERAGE(D265,K266,N266,Q266) -> -1.2379712 | V266: =IF(U266-U265>0,IF(U266>=0,"E","R"),IF(U266>=0,"SD","C")) -> R | W266: =U266-U265 -> 0.2425238 | X266: =IF(OR(ABS($U266-$U265)>$W$1),1,0) -> 0 | Y266: =$U266-$U265 -> 0.2425238 | Z266: =IF(ABS($U266-$U265)>AE266,V266,Z265) -> R | AA266: =IF(Z266<>V265,U266,AA265) -> -1.480495 | AB266: =Z266 -> R | AC266: Quanti | AD266: =ABS(W266) -> 0.2425238 | AE266: =PERCENTILE(AD246:AD266,$Z$1) -> 0.18312425 | AI266: 0 | AK266: =IF(OR($AB266=AK$4,$AB267=AK$4),$U266,NA()) -> #N/A | AL266: =IF(OR($AB266=AL$4,$AB267=AL$4),$U266,NA()) -> #N/A | AM266: =IF(OR($AB266=AM$4,$AB267=AM$4),$U266,NA()) -> #N/A | AN266: =IF(OR($AB266=AN$4,$AB267=AN$4),$U266,NA()) -> -1.2379712 | AO266: =IF(OR($AB266=AO$5,$AB267=AO$5),$BG266,NA()) -> #N/A | AP266: =IF(OR($AB266=AP$5,$AB267=AP$5),$BG266,NA()) -> #N/A | AQ266: =IF(OR($AB266=AQ$5,$AB267=AQ$5),$BG266,NA()) -> #N/A | AR266: =IF(OR($AB266=AN$5,$AB267=AN$5),$BG266,NA()) -> #N/A | AT266: =A266 -> 44957 | AU266: =IF($V266="E",4,IF($V266="R",2,IF($V266="SD",3,1))) -> 2 | AV266: =IF($Z266="E",4,IF($Z266="R",2,IF($Z266="SD",3,1))) -> 2 | BG266: {=_xll.BDH($BG$3,"PX_LAST",$A266,$A266,"Days=A","Fill=P")} -> 453.21 | BH266: =BG266/BG265-1 -> 0.066652545 | BI266: =AB266 -> R | BJ266: =_xlfn.XLOOKUP(BI266,$BP$23:$BP$26,$BQ$23:$BQ$26) -> 1 | BK266: =BJ266*BH267 -> 0.017431213 | BL266: =BL265*(1+BK265) -> 131.43837 | BM266: =BM265*(1+BH266) -> 119.94442 | BN266: =BL266/BM266 -> 1.0958273
A267: 44985 | B267: =_xll.BDH(B$2,"PX_LAST",$A267,$A267,"Days=A","Fill=P") -> 98.6672 | C267: =$BQ$2*C266 + (1-$BQ$2)*B267 -> 99.508215 | D267: =(C267-AVERAGE(C248:C267))/AVEDEV(C248:C267) -> -1.6152291 | I267: {=_xll.BDH(I$2,"PX_LAST",$A267,$A267,"Days=A","Fill=P")} -> 0.26 | J267: =$BQ$3*J266+(1-$BQ$3)*I267 -> -0.37155874 | K267: =(J267-MEDIAN(J248:J267))/AVEDEV(J248:J267) -> -1.7864384 | L267: 83.136 | M267: =$BQ$4*M266+(1-$BQ$4)*L267 -> 44.442255 | N267: =(M267-MEDIAN(M247:M267))/AVEDEV(M247:M267) -> -0.778505 | O267: {=_xll.BDH(O$3,"PX_LAST",$A267,$A267,"Days=A","Fill=P")} -> 61.8 | P267: =$BQ$5*P266+(1-$BQ$5)*O267 -> 34.636094 | Q267: =(P267-MEDIAN(P247:P267))/AVEDEV(P247:P267) -> -0.40992708 | T267: R | U267: =AVERAGE(D266,K267,N267,Q267) -> -1.0632819 | V267: =IF(U267-U266>0,IF(U267>=0,"E","R"),IF(U267>=0,"SD","C")) -> R | W267: =U267-U266 -> 0.17468931 | X267: =IF(OR(ABS($U267-$U266)>$W$1),1,0) -> 0 | Y267: =$U267-$U266 -> 0.17468931 | Z267: =IF(ABS($U267-$U266)>AE267,V267,Z266) -> R | AA267: =IF(Z267<>V266,U267,AA266) -> -1.480495 | AB267: =Z267 -> R | AC267: Quanti | AD267: =ABS(W267) -> 0.17468931 | AE267: =PERCENTILE(AD247:AD267,$Z$1) -> 0.17468931 | AI267: 0 | AK267: =IF(OR($AB267=AK$4,$AB268=AK$4),$U267,NA()) -> #N/A | AL267: =IF(OR($AB267=AL$4,$AB268=AL$4),$U267,NA()) -> #N/A | AM267: =IF(OR($AB267=AM$4,$AB268=AM$4),$U267,NA()) -> #N/A | AN267: =IF(OR($AB267=AN$4,$AB268=AN$4),$U267,NA()) -> -1.0632819 | AO267: =IF(OR($AB267=AO$5,$AB268=AO$5),$BG267,NA()) -> #N/A | AP267: =IF(OR($AB267=AP$5,$AB268=AP$5),$BG267,NA()) -> #N/A | AQ267: =IF(OR($AB267=AQ$5,$AB268=AQ$5),$BG267,NA()) -> #N/A | AR267: =IF(OR($AB267=AN$5,$AB268=AN$5),$BG267,NA()) -> #N/A | AT267: =A267 -> 44985 | AU267: =IF($V267="E",4,IF($V267="R",2,IF($V267="SD",3,1))) -> 2 | AV267: =IF($Z267="E",4,IF($Z267="R",2,IF($Z267="SD",3,1))) -> 2 | BG267: {=_xll.BDH($BG$3,"PX_LAST",$A267,$A267,"Days=A","Fill=P")} -> 461.11 | BH267: =BG267/BG266-1 -> 0.017431213 | BI267: =AB267 -> R | BJ267: =_xlfn.XLOOKUP(BI267,$BP$23:$BP$26,$BQ$23:$BQ$26) -> 1 | BK267: =BJ267*BH268 -> -0.0070915834 | BL267: =BL266*(1+BK266) -> 133.7295 | BM267: =BM266*(1+BH267) -> 122.0352 | BN267: =BL267/BM267 -> 1.0958273
A268: 45016 | B268: =_xll.BDH(B$2,"PX_LAST",$A268,$A268,"Days=A","Fill=P") -> 98.8021 | C268: =$BQ$2*C267 + (1-$BQ$2)*B268 -> 99.472909 | D268: =(C268-AVERAGE(C249:C268))/AVEDEV(C249:C268) -> -1.824726 | I268: {=_xll.BDH(I$2,"PX_LAST",$A268,$A268,"Days=A","Fill=P")} -> -0.452 | J268: =$BQ$3*J267+(1-$BQ$3)*I268 -> -0.3755808 | K268: =(J268-MEDIAN(J249:J268))/AVEDEV(J249:J268) -> -1.4946517 | L268: 52.5889 | M268: =$BQ$4*M267+(1-$BQ$4)*L268 -> 44.849587 | N268: =(M268-MEDIAN(M248:M268))/AVEDEV(M248:M268) -> -0.32313708 | O268: {=_xll.BDH(O$3,"PX_LAST",$A268,$A268,"Days=A","Fill=P")} -> 50 | P268: =$BQ$5*P267+(1-$BQ$5)*O268 -> 36.172484 | Q268: =(P268-MEDIAN(P248:P268))/AVEDEV(P248:P268) -> -0.24356687 | T268: C | U268: =AVERAGE(D267,K268,N268,Q268) -> -0.9191462 | V268: =IF(U268-U267>0,IF(U268>=0,"E","R"),IF(U268>=0,"SD","C")) -> R | W268: =U268-U267 -> 0.14413566 | X268: =IF(OR(ABS($U268-$U267)>$W$1),1,0) -> 0 | Y268: =$U268-$U267 -> 0.14413566 | Z268: =IF(ABS($U268-$U267)>AE268,V268,Z267) -> R | AA268: =IF(Z268<>V267,U268,AA267) -> -1.480495 | AB268: =Z268 -> R | AC268: Quanti | AD268: =ABS(W268) -> 0.14413566 | AE268: =PERCENTILE(AD248:AD268,$Z$1) -> 0.17468931 | AI268: 0 | AK268: =IF(OR($AB268=AK$4,$AB269=AK$4),$U268,NA()) -> #N/A | AL268: =IF(OR($AB268=AL$4,$AB269=AL$4),$U268,NA()) -> #N/A | AM268: =IF(OR($AB268=AM$4,$AB269=AM$4),$U268,NA()) -> #N/A | AN268: =IF(OR($AB268=AN$4,$AB269=AN$4),$U268,NA()) -> -0.9191462 | AO268: =IF(OR($AB268=AO$5,$AB269=AO$5),$BG268,NA()) -> #N/A | AP268: =IF(OR($AB268=AP$5,$AB269=AP$5),$BG268,NA()) -> #N/A | AQ268: =IF(OR($AB268=AQ$5,$AB269=AQ$5),$BG268,NA()) -> #N/A | AR268: =IF(OR($AB268=AN$5,$AB269=AN$5),$BG268,NA()) -> #N/A | AT268: =A268 -> 45016 | AU268: =IF($V268="E",4,IF($V268="R",2,IF($V268="SD",3,1))) -> 2 | AV268: =IF($Z268="E",4,IF($Z268="R",2,IF($Z268="SD",3,1))) -> 2 | BG268: {=_xll.BDH($BG$3,"PX_LAST",$A268,$A268,"Days=A","Fill=P")} -> 457.84 | BH268: =BG268/BG267-1 -> -0.0070915834 | BI268: =AB268 -> R | BJ268: =_xlfn.XLOOKUP(BI268,$BP$23:$BP$26,$BQ$23:$BQ$26) -> 1 | BK268: =BJ268*BH269 -> 0.019220688 | BL268: =BL267*(1+BK267) -> 132.78115 | BM268: =BM267*(1+BH268) -> 121.16978 | BN268: =BL268/BM268 -> 1.0958273
A269: 45046 | B269: =_xll.BDH(B$2,"PX_LAST",$A269,$A269,"Days=A","Fill=P") -> 98.8915 | C269: =$BQ$2*C268 + (1-$BQ$2)*B269 -> 99.443839 | D269: =(C269-AVERAGE(C250:C269))/AVEDEV(C250:C269) -> -1.8851884 | I269: {=_xll.BDH(I$2,"PX_LAST",$A269,$A269,"Days=A","Fill=P")} -> -0.651 | J269: =$BQ$3*J268+(1-$BQ$3)*I269 -> -0.38935176 | K269: =(J269-MEDIAN(J250:J269))/AVEDEV(J250:J269) -> -1.2576821 | L269: 60.4696 | M269: =$BQ$4*M268+(1-$BQ$4)*L269 -> 45.630588 | N269: =(M269-MEDIAN(M249:M269))/AVEDEV(M249:M269) -> 0 | O269: {=_xll.BDH(O$3,"PX_LAST",$A269,$A269,"Days=A","Fill=P")} -> 15.2 | P269: =$BQ$5*P268+(1-$BQ$5)*O269 -> 34.075236 | Q269: =(P269-MEDIAN(P249:P269))/AVEDEV(P249:P269) -> -0.22442486 | T269: R | U269: =AVERAGE(D268,K269,N269,Q269) -> -0.82670823 | V269: =IF(U269-U268>0,IF(U269>=0,"E","R"),IF(U269>=0,"SD","C")) -> R | W269: =U269-U268 -> 0.092437971 | X269: =IF(OR(ABS($U269-$U268)>$W$1),1,0) -> 0 | Y269: =$U269-$U268 -> 0.092437971 | Z269: =IF(ABS($U269-$U268)>AE269,V269,Z268) -> R | AA269: =IF(Z269<>V268,U269,AA268) -> -1.480495 | AB269: =Z269 -> R | AC269: Quanti | AD269: =ABS(W269) -> 0.092437971 | AE269: =PERCENTILE(AD249:AD269,$Z$1) -> 0.17468931 | AI269: 0 | AK269: =IF(OR($AB269=AK$4,$AB270=AK$4),$U269,NA()) -> #N/A | AL269: =IF(OR($AB269=AL$4,$AB270=AL$4),$U269,NA()) -> #N/A | AM269: =IF(OR($AB269=AM$4,$AB270=AM$4),$U269,NA()) -> -0.82670823 | AN269: =IF(OR($AB269=AN$4,$AB270=AN$4),$U269,NA()) -> -0.82670823 | AO269: =IF(OR($AB269=AO$5,$AB270=AO$5),$BG269,NA()) -> #N/A | AP269: =IF(OR($AB269=AP$5,$AB270=AP$5),$BG269,NA()) -> #N/A | AQ269: =IF(OR($AB269=AQ$5,$AB270=AQ$5),$BG269,NA()) -> 466.64 | AR269: =IF(OR($AB269=AN$5,$AB270=AN$5),$BG269,NA()) -> #N/A | AT269: =A269 -> 45046 | AU269: =IF($V269="E",4,IF($V269="R",2,IF($V269="SD",3,1))) -> 2 | AV269: =IF($Z269="E",4,IF($Z269="R",2,IF($Z269="SD",3,1))) -> 2 | BG269: {=_xll.BDH($BG$3,"PX_LAST",$A269,$A269,"Days=A","Fill=P")} -> 466.64 | BH269: =BG269/BG268-1 -> 0.019220688 | BI269: =AB269 -> R | BJ269: =_xlfn.XLOOKUP(BI269,$BP$23:$BP$26,$BQ$23:$BQ$26) -> 1 | BK269: =BJ269*BH270 -> -0.031887536 | BL269: =BL268*(1+BK268) -> 135.33329 | BM269: =BM268*(1+BH269) -> 123.49874 | BN269: =BL269/BM269 -> 1.0958273
A270: 45077 | B270: =_xll.BDH(B$2,"PX_LAST",$A270,$A270,"Days=A","Fill=P") -> 98.9276 | C270: =$BQ$2*C269 + (1-$BQ$2)*B270 -> 99.418027 | D270: =(C270-AVERAGE(C251:C270))/AVEDEV(C251:C270) -> -1.8201441 | I270: {=_xll.BDH(I$2,"PX_LAST",$A270,$A270,"Days=A","Fill=P")} -> -0.856 | J270: =$BQ$3*J269+(1-$BQ$3)*I270 -> -0.41268417 | K270: =(J270-MEDIAN(J251:J270))/AVEDEV(J251:J270) -> -1.0663027 | L270: 58.7086 | M270: =$BQ$4*M269+(1-$BQ$4)*L270 -> 46.284488 | N270: =(M270-MEDIAN(M250:M270))/AVEDEV(M250:M270) -> 0.13849216 | O270: {=_xll.BDH(O$3,"PX_LAST",$A270,$A270,"Days=A","Fill=P")} -> -62.9 | P270: =$BQ$5*P269+(1-$BQ$5)*O270 -> 24.377712 | Q270: =(P270-MEDIAN(P250:P270))/AVEDEV(P250:P270) -> -1.2398613 | T270: C | U270: =AVERAGE(D269,K270,N270,Q270) -> -1.0132151 | V270: =IF(U270-U269>0,IF(U270>=0,"E","R"),IF(U270>=0,"SD","C")) -> C | W270: =U270-U269 -> -0.18650685 | X270: =IF(OR(ABS($U270-$U269)>$W$1),1,0) -> 0 | Y270: =$U270-$U269 -> -0.18650685 | Z270: =IF(ABS($U270-$U269)>AE270,V270,Z269) -> C | AA270: =IF(Z270<>V269,U270,AA269) -> -1.0132151 | AB270: =Z270 -> C | AC270: Quanti | AD270: =ABS(W270) -> 0.18650685 | AE270: =PERCENTILE(AD250:AD270,$Z$1) -> 0.184235 | AI270: 0 | AK270: =IF(OR($AB270=AK$4,$AB271=AK$4),$U270,NA()) -> #N/A | AL270: =IF(OR($AB270=AL$4,$AB271=AL$4),$U270,NA()) -> #N/A | AM270: =IF(OR($AB270=AM$4,$AB271=AM$4),$U270,NA()) -> -1.0132151 | AN270: =IF(OR($AB270=AN$4,$AB271=AN$4),$U270,NA()) -> #N/A | AO270: =IF(OR($AB270=AO$5,$AB271=AO$5),$BG270,NA()) -> #N/A | AP270: =IF(OR($AB270=AP$5,$AB271=AP$5),$BG270,NA()) -> #N/A | AQ270: =IF(OR($AB270=AQ$5,$AB271=AQ$5),$BG270,NA()) -> 451.76 | AR270: =IF(OR($AB270=AN$5,$AB271=AN$5),$BG270,NA()) -> #N/A | AT270: =A270 -> 45077 | AU270: =IF($V270="E",4,IF($V270="R",2,IF($V270="SD",3,1))) -> 1 | AV270: =IF($Z270="E",4,IF($Z270="R",2,IF($Z270="SD",3,1))) -> 1 | BG270: {=_xll.BDH($BG$3,"PX_LAST",$A270,$A270,"Days=A","Fill=P")} -> 451.76 | BH270: =BG270/BG269-1 -> -0.031887536 | BI270: =AB270 -> C | BJ270: =_xlfn.XLOOKUP(BI270,$BP$23:$BP$26,$BQ$23:$BQ$26) -> 0 | BK270: =BJ270*BH271 -> 0 | BL270: =BL269*(1+BK269) -> 131.01785 | BM270: =BM269*(1+BH270) -> 119.56067 | BN270: =BL270/BM270 -> 1.0958273
A271: 45107 | B271: =_xll.BDH(B$2,"PX_LAST",$A271,$A271,"Days=A","Fill=P") -> 98.9299 | C271: =$BQ$2*C270 + (1-$BQ$2)*B271 -> 99.393621 | D271: =(C271-AVERAGE(C252:C271))/AVEDEV(C252:C271) -> -1.6592727 | I271: {=_xll.BDH(I$2,"PX_LAST",$A271,$A271,"Days=A","Fill=P")} -> 0.148 | J271: =$BQ$3*J270+(1-$BQ$3)*I271 -> -0.38464997 | K271: =(J271-MEDIAN(J252:J271))/AVEDEV(J252:J271) -> -0.62023553 | L271: 65.1021 | M271: =$BQ$4*M270+(1-$BQ$4)*L271 -> 47.225369 | N271: =(M271-MEDIAN(M251:M271))/AVEDEV(M251:M271) -> 0.36765881 | O271: {=_xll.BDH(O$3,"PX_LAST",$A271,$A271,"Days=A","Fill=P")} -> -144.9 | P271: =$BQ$5*P270+(1-$BQ$5)*O271 -> 7.449941 | Q271: =(P271-MEDIAN(P251:P271))/AVEDEV(P251:P271) -> -2.9849377 | T271: R | U271: =AVERAGE(D270,K271,N271,Q271) -> -1.2644146 | V271: =IF(U271-U270>0,IF(U271>=0,"E","R"),IF(U271>=0,"SD","C")) -> C | W271: =U271-U270 -> -0.25119955 | X271: =IF(OR(ABS($U271-$U270)>$W$1),1,0) -> 0 | Y271: =$U271-$U270 -> -0.25119955 | Z271: =IF(ABS($U271-$U270)>AE271,V271,Z270) -> C | AA271: =IF(Z271<>V270,U271,AA270) -> -1.0132151 | AB271: =Z271 -> C | AC271: Quanti | AD271: =ABS(W271) -> 0.25119955 | AE271: =PERCENTILE(AD251:AD271,$Z$1) -> 0.18650685 | AI271: 0 | AK271: =IF(OR($AB271=AK$4,$AB272=AK$4),$U271,NA()) -> #N/A | AL271: =IF(OR($AB271=AL$4,$AB272=AL$4),$U271,NA()) -> #N/A | AM271: =IF(OR($AB271=AM$4,$AB272=AM$4),$U271,NA()) -> -1.2644146 | AN271: =IF(OR($AB271=AN$4,$AB272=AN$4),$U271,NA()) -> #N/A | AO271: =IF(OR($AB271=AO$5,$AB272=AO$5),$BG271,NA()) -> #N/A | AP271: =IF(OR($AB271=AP$5,$AB272=AP$5),$BG271,NA()) -> #N/A | AQ271: =IF(OR($AB271=AQ$5,$AB272=AQ$5),$BG271,NA()) -> 461.93 | AR271: =IF(OR($AB271=AN$5,$AB272=AN$5),$BG271,NA()) -> #N/A | AT271: =A271 -> 45107 | AU271: =IF($V271="E",4,IF($V271="R",2,IF($V271="SD",3,1))) -> 1 | AV271: =IF($Z271="E",4,IF($Z271="R",2,IF($Z271="SD",3,1))) -> 1 | BG271: {=_xll.BDH($BG$3,"PX_LAST",$A271,$A271,"Days=A","Fill=P")} -> 461.93 | BH271: =BG271/BG270-1 -> 0.022511953 | BI271: =AB271 -> C | BJ271: =_xlfn.XLOOKUP(BI271,$BP$23:$BP$26,$BQ$23:$BQ$26) -> 0 | BK271: =BJ271*BH272 -> 0 | BL271: =BL270*(1+BK270) -> 131.01785 | BM271: =BM270*(1+BH271) -> 122.25222 | BN271: =BL271/BM271 -> 1.0717012
A272: 45138 | B272: =_xll.BDH(B$2,"PX_LAST",$A272,$A272,"Days=A","Fill=P") -> 98.9237 | C272: =$BQ$2*C271 + (1-$BQ$2)*B272 -> 99.370125 | D272: =(C272-AVERAGE(C253:C272))/AVEDEV(C253:C272) -> -1.5414347 | I272: {=_xll.BDH(I$2,"PX_LAST",$A272,$A272,"Days=A","Fill=P")} -> 0.202 | J272: =$BQ$3*J271+(1-$BQ$3)*I272 -> -0.35531747 | K272: =(J272-MEDIAN(J253:J272))/AVEDEV(J253:J272) -> -0.16773399 | L272: 62.5998 | M272: =$BQ$4*M271+(1-$BQ$4)*L272 -> 47.99409 | N272: =(M272-MEDIAN(M252:M272))/AVEDEV(M252:M272) -> 0.59853945 | O272: {=_xll.BDH(O$3,"PX_LAST",$A272,$A272,"Days=A","Fill=P")} -> -116 | P272: =$BQ$5*P271+(1-$BQ$5)*O272 -> -4.8950531 | Q272: =(P272-MEDIAN(P252:P272))/AVEDEV(P252:P272) -> -3.6802059 | T272: R | U272: =AVERAGE(D271,K272,N272,Q272) -> -1.2271683 | V272: =IF(U272-U271>0,IF(U272>=0,"E","R"),IF(U272>=0,"SD","C")) -> R | W272: =U272-U271 -> 0.037246352 | X272: =IF(OR(ABS($U272-$U271)>$W$1),1,0) -> 0 | Y272: =$U272-$U271 -> 0.037246352 | Z272: =IF(ABS($U272-$U271)>AE272,V272,Z271) -> C | AA272: =IF(Z272<>V271,U272,AA271) -> -1.0132151 | AB272: =Z272 -> C | AC272: Quanti | AD272: =ABS(W272) -> 0.037246352 | AE272: =PERCENTILE(AD252:AD272,$Z$1) -> 0.18650685 | AI272: 0 | AK272: =IF(OR($AB272=AK$4,$AB273=AK$4),$U272,NA()) -> #N/A | AL272: =IF(OR($AB272=AL$4,$AB273=AL$4),$U272,NA()) -> #N/A | AM272: =IF(OR($AB272=AM$4,$AB273=AM$4),$U272,NA()) -> -1.2271683 | AN272: =IF(OR($AB272=AN$4,$AB273=AN$4),$U272,NA()) -> -1.2271683 | AO272: =IF(OR($AB272=AO$5,$AB273=AO$5),$BG272,NA()) -> #N/A | AP272: =IF(OR($AB272=AP$5,$AB273=AP$5),$BG272,NA()) -> #N/A | AQ272: =IF(OR($AB272=AQ$5,$AB273=AQ$5),$BG272,NA()) -> 471.35 | AR272: =IF(OR($AB272=AN$5,$AB273=AN$5),$BG272,NA()) -> #N/A | AT272: =A272 -> 45138 | AU272: =IF($V272="E",4,IF($V272="R",2,IF($V272="SD",3,1))) -> 2 | AV272: =IF($Z272="E",4,IF($Z272="R",2,IF($Z272="SD",3,1))) -> 1 | BG272: {=_xll.BDH($BG$3,"PX_LAST",$A272,$A272,"Days=A","Fill=P")} -> 471.35 | BH272: =BG272/BG271-1 -> 0.0203927 | BI272: =AB272 -> C | BJ272: =_xlfn.XLOOKUP(BI272,$BP$23:$BP$26,$BQ$23:$BQ$26) -> 0 | BK272: =BJ272*BH273 -> 0 | BL272: =BL271*(1+BK271) -> 131.01785 | BM272: =BM271*(1+BH272) -> 124.74527 | BN272: =BL272/BM272 -> 1.0502831
... A282: 45443 | B282: =_xll.BDH(B$2,"PX_LAST",$A282,$A282,"Days=A","Fill=P") -> 99.5673 | C282: =$BQ$2*C281 + (1-$BQ$2)*B282 -> 99.32287 | D282: =(C282-AVERAGE(C263:C282))/AVEDEV(C263:C282) -> -0.83140945 | I282: {=_xll.BDH(I$2,"PX_LAST",$A282,$A282,"Days=A","Fill=P")} -> 1.008 | J282: =$BQ$3*J281+(1-$BQ$3)*I282 -> 0.015213241 | K282: =(J282-MEDIAN(J263:J282))/AVEDEV(J263:J282) -> 3.4058493 | L282: 75.9891 | M282: =$BQ$4*M281+(1-$BQ$4)*L282 -> 58.576439 | N282: =(M282-MEDIAN(M262:M282))/AVEDEV(M262:M282) -> 2.1430412 | O282: {=_xll.BDH(O$3,"PX_LAST",$A282,$A282,"Days=A","Fill=P")} -> 27.5 | P282: =$BQ$5*P281+(1-$BQ$5)*O282 -> -0.9509058 | Q282: =(P282-MEDIAN(P262:P282))/AVEDEV(P262:P282) -> 0 | T282: E | U282: =AVERAGE(D281,K282,N282,Q282) -> 1.1401038 | V282: =IF(U282-U281>0,IF(U282>=0,"E","R"),IF(U282>=0,"SD","C")) -> E | W282: =U282-U281 -> 0.12197718 | X282: =IF(OR(ABS($U282-$U281)>$W$1),1,0) -> 0 | Y282: =$U282-$U281 -> 0.12197718 | Z282: =IF(ABS($U282-$U281)>AE282,V282,Z281) -> E | AA282: =IF(Z282<>V281,U282,AA281) -> 0.23898853 | AB282: =Z282 -> E | AC282: Quanti | AD282: =ABS(W282) -> 0.12197718 | AE282: =PERCENTILE(AD262:AD282,$Z$1) -> 0.17468931 | AI282: 0 | AK282: =IF(OR($AB282=AK$4,$AB283=AK$4),$U282,NA()) -> 1.1401038 | AL282: =IF(OR($AB282=AL$4,$AB283=AL$4),$U282,NA()) -> #N/A | AM282: =IF(OR($AB282=AM$4,$AB283=AM$4),$U282,NA()) -> #N/A | AN282: =IF(OR($AB282=AN$4,$AB283=AN$4),$U282,NA()) -> #N/A | AO282: =IF(OR($AB282=AO$5,$AB283=AO$5),$BG282,NA()) -> 518.17 | AP282: =IF(OR($AB282=AP$5,$AB283=AP$5),$BG282,NA()) -> #N/A | AQ282: =IF(OR($AB282=AQ$5,$AB283=AQ$5),$BG282,NA()) -> #N/A | AR282: =IF(OR($AB282=AN$5,$AB283=AN$5),$BG282,NA()) -> #N/A | AT282: =A282 -> 45443 | AU282: =IF($V282="E",4,IF($V282="R",2,IF($V282="SD",3,1))) -> 4 | AV282: =IF($Z282="E",4,IF($Z282="R",2,IF($Z282="SD",3,1))) -> 4 | BG282: {=_xll.BDH($BG$3,"PX_LAST",$A282,$A282,"Days=A","Fill=P")} -> 518.17 | BH282: =BG282/BG281-1 -> 0.026302759 | BI282: =AB282 -> E | BJ282: =_xlfn.XLOOKUP(BI282,$BP$23:$BP$26,$BQ$23:$BQ$26) -> 1 | BK282: =BJ282*BH283 -> -0.013026613 | BL282: =BL281*(1+BK281) -> 148.16892 | BM282: =BM281*(1+BH282) -> 137.13643 | BN282: =BL282/BM282 -> 1.080449
A283: 45473 | B283: =_xll.BDH(B$2,"PX_LAST",$A283,$A283,"Days=A","Fill=P") -> 99.6151 | C283: =$BQ$2*C282 + (1-$BQ$2)*B283 -> 99.337482 | D283: =(C283-AVERAGE(C264:C283))/AVEDEV(C264:C283) -> -0.62019529 | I283: {=_xll.BDH(I$2,"PX_LAST",$A283,$A283,"Days=A","Fill=P")} -> 0.465 | J283: =$BQ$3*J282+(1-$BQ$3)*I283 -> 0.037702579 | K283: =(J283-MEDIAN(J264:J283))/AVEDEV(J264:J283) -> 2.9478481 | L283: 52.6698 | M283: =$BQ$4*M282+(1-$BQ$4)*L283 -> 58.281107 | N283: =(M283-MEDIAN(M263:M283))/AVEDEV(M263:M283) -> 1.8882281 | O283: {=_xll.BDH(O$3,"PX_LAST",$A283,$A283,"Days=A","Fill=P")} -> -14.2 | P283: =$BQ$5*P282+(1-$BQ$5)*O283 -> -2.2758152 | Q283: =(P283-MEDIAN(P263:P283))/AVEDEV(P263:P283) -> 0 | T283: E | U283: =AVERAGE(D282,K283,N283,Q283) -> 1.0011667 | V283: =IF(U283-U282>0,IF(U283>=0,"E","R"),IF(U283>=0,"SD","C")) -> SD | W283: =U283-U282 -> -0.13893713 | X283: =IF(OR(ABS($U283-$U282)>$W$1),1,0) -> 0 | Y283: =$U283-$U282 -> -0.13893713 | Z283: =IF(ABS($U283-$U282)>AE283,V283,Z282) -> E | AA283: =IF(Z283<>V282,U283,AA282) -> 0.23898853 | AB283: =Z283 -> E | AC283: Quanti | AD283: =ABS(W283) -> 0.13893713 | AE283: =PERCENTILE(AD263:AD283,$Z$1) -> 0.14413566 | AI283: =AI282 -> 0 | AK283: =IF(OR($AB283=AK$4,$AB284=AK$4),$U283,NA()) -> 1.0011667 | AL283: =IF(OR($AB283=AL$4,$AB284=AL$4),$U283,NA()) -> #N/A | AM283: =IF(OR($AB283=AM$4,$AB284=AM$4),$U283,NA()) -> #N/A | AN283: =IF(OR($AB283=AN$4,$AB284=AN$4),$U283,NA()) -> #N/A | AO283: =IF(OR($AB283=AO$5,$AB284=AO$5),$BG283,NA()) -> 511.42 | AP283: =IF(OR($AB283=AP$5,$AB284=AP$5),$BG283,NA()) -> #N/A | AQ283: =IF(OR($AB283=AQ$5,$AB284=AQ$5),$BG283,NA()) -> #N/A | AR283: =IF(OR($AB283=AN$5,$AB284=AN$5),$BG283,NA()) -> #N/A | AT283: =A283 -> 45473 | AU283: =IF($V283="E",4,IF($V283="R",2,IF($V283="SD",3,1))) -> 3 | AV283: =IF($Z283="E",4,IF($Z283="R",2,IF($Z283="SD",3,1))) -> 4 | BG283: {=_xll.BDH($BG$3,"PX_LAST",$A283,$A283,"Days=A","Fill=P")} -> 511.42 | BH283: =BG283/BG282-1 -> -0.013026613 | BI283: =AB283 -> E | BJ283: =_xlfn.XLOOKUP(BI283,$BP$23:$BP$26,$BQ$23:$BQ$26) -> 1 | BK283: =BJ283*BH284 -> 0.013218099 | BL283: =BL282*(1+BK282) -> 146.23878 | BM283: =BM282*(1+BH283) -> 135.35001 | BN283: =BL283/BM283 -> 1.080449
A284: 45504 | B284: =_xll.BDH(B$2,"PX_LAST",$A284,$A284,"Days=A","Fill=P") -> 99.6337 | C284: =$BQ$2*C283 + (1-$BQ$2)*B284 -> 99.352293 | D284: =(C284-AVERAGE(C265:C284))/AVEDEV(C265:C284) -> -0.3465318 | I284: {=_xll.BDH(I$2,"PX_LAST",$A284,$A284,"Days=A","Fill=P")} -> 0.652 | J284: =$BQ$3*J283+(1-$BQ$3)*I284 -> 0.06841745 | K284: =(J284-MEDIAN(J265:J284))/AVEDEV(J265:J284) -> 2.7639471 | L284: 49.4665 | M284: =$BQ$4*M283+(1-$BQ$4)*L284 -> 57.840377 | N284: =(M284-MEDIAN(M264:M284))/AVEDEV(M264:M284) -> 1.6719501 | O284: {=_xll.BDH(O$3,"PX_LAST",$A284,$A284,"Days=A","Fill=P")} -> -49 | P284: =$BQ$5*P283+(1-$BQ$5)*O284 -> -6.9482337 | Q284: =(P284-MEDIAN(P264:P284))/AVEDEV(P264:P284) -> -0.16046133 | T284: SD | U284: =AVERAGE(D283,K284,N284,Q284) -> 0.91381013 | V284: =IF(U284-U283>0,IF(U284>=0,"E","R"),IF(U284>=0,"SD","C")) -> SD | W284: =U284-U283 -> -0.087356554 | X284: =IF(OR(ABS($U284-$U283)>$W$1),1,0) -> 0 | Y284: =$U284-$U283 -> -0.087356554 | Z284: =IF(ABS($U284-$U283)>AE284,V284,Z283) -> E | AA284: =IF(Z284<>V283,U284,AA283) -> 0.91381013 | AB284: =Z284 -> E | AC284: Quanti | AD284: =ABS(W284) -> 0.087356554 | AE284: =PERCENTILE(AD264:AD284,$Z$1) -> 0.14413566 | AI284: =AI283 -> 0 | AK284: =IF(OR($AB284=AK$4,$AB285=AK$4),$U284,NA()) -> 0.91381013 | AL284: =IF(OR($AB284=AL$4,$AB285=AL$4),$U284,NA()) -> #N/A | AM284: =IF(OR($AB284=AM$4,$AB285=AM$4),$U284,NA()) -> #N/A | AN284: =IF(OR($AB284=AN$4,$AB285=AN$4),$U284,NA()) -> #N/A | AO284: =IF(OR($AB284=AO$5,$AB285=AO$5),$BG284,NA()) -> 518.18 | AP284: =IF(OR($AB284=AP$5,$AB285=AP$5),$BG284,NA()) -> #N/A | AQ284: =IF(OR($AB284=AQ$5,$AB285=AQ$5),$BG284,NA()) -> #N/A | AR284: =IF(OR($AB284=AN$5,$AB285=AN$5),$BG284,NA()) -> #N/A | AT284: =A284 -> 45504 | AU284: =IF($V284="E",4,IF($V284="R",2,IF($V284="SD",3,1))) -> 3 | AV284: =IF($Z284="E",4,IF($Z284="R",2,IF($Z284="SD",3,1))) -> 4 | BG284: {=_xll.BDH($BG$3,"PX_LAST",$A284,$A284,"Days=A","Fill=P")} -> 518.18 | BH284: =BG284/BG283-1 -> 0.013218099 | BI284: =AB284 -> E | BJ284: =_xlfn.XLOOKUP(BI284,$BP$23:$BP$26,$BQ$23:$BQ$26) -> 1 | BK284: =BJ284*BH285 -> 0.013257941 | BL284: =BL283*(1+BK283) -> 148.17178 | BM284: =BM283*(1+BH284) -> 137.13908 | BN284: =BL284/BM284 -> 1.080449
...

Sheet Europe (2)
B1: OECD | F1: Bloomberg Euro-Zone Financial Conditions Index | J1: BNP Positioning | M1: Citi Surprise Eco | S1: Seuil (incrément) | U1: 0.3 | W1: Centile | X1: 0.4 | Y1: =PERCENTILE(AB:AB,0.5) -> #VALUE! | Z1: Seuil (MD) | AA1: 0.1 | AE1: =TODAY() -> 46296 | AF1: =TEXT(AF3,"mmm-aaaa") -> avr-2026 | AG1: =TEXT(AG3,"mmm-aaaa") -> mai-2026 | AH1: =TEXT(AH3,"mmm-aaaa") -> juin-2026 | AI1: =TEXT(AI3,"mmm-aaaa") -> juil-2026 | AJ1: =TEXT(AJ3,"mmm-aaaa") -> août-2026 | AK1: =TEXT(AK3,"mmm-aaaa") -> sept-2026 | AL1: =TEXT(AL3,"mmm-aaaa") -> oct-2026 | BN1: Smoothing parameter | BO1: 0.8 | BP1: Volatilité
B2: OE4EKLAC Index | F2: BFCIEU Index | J2: BNPEPEU Index | M2: CESIEUR Index | AE2: Cycle macro | AF2: =VLOOKUP(AF$3,$A:$Z,28,1) -> #REF! | AG2: =VLOOKUP(AG$3,$A:$Z,28,1) -> #REF! | AH2: =VLOOKUP(AH$3,$A:$Z,28,1) -> #REF! | AI2: =VLOOKUP(AI$3,$A:$Z,28,1) -> #REF! | AJ2: =VLOOKUP(AJ$3,$A:$Z,28,1) -> #REF! | AK2: =VLOOKUP(AK$3,$A:$Z,28,1) -> #REF! | AL2: =VLOOKUP(AL$3,$A:$Z,28,1) -> #REF! | BN2: OECD | BO2: 0.95 | BP2: =AVEDEV(D23:D305) -> 1.6289664
